feature,class,structuralcategory,functionalcategory,totallength,totaldb,totaloh,CD1a_pmol,CD1b_pmol,CD1c_pmol,CD1d_pmol
Cer 32:0;2,Cer,SL,MEM,32,0,2,NA,NA,1.60160005092621,0.421635002
Cer 32:0;4,Cer,SL,MEM,32,0,4,NA,NA,0.181047007441521,NA
Cer 32:1;2,Cer,SL,MEM,32,1,2,2.85201001167297,0.173498005,2.38776993751526,1.446799994
Cer 32:1;4,Cer,SL,MEM,32,1,4,0.213361993432045,0.118473001,0.643625020980835,0.161062002
Cer 32:2;2,Cer,SL,MEM,32,2,2,1.12766003608704,NA,0.357100993394852,0.280853003
Cer 32:2;4,Cer,SL,MEM,32,2,4,0.128583997488022,NA,0.404632985591888,NA
Cer 34:0;2,Cer,SL,MEM,34,0,2,0.294759005308151,NA,0.531556010246277,1.000339985
Cer 34:0;3,Cer,SL,MEM,34,0,3,NA,NA,0.238865002989769,0.949371994
Cer 34:1;2,Cer,SL,MEM,34,1,2,37.0587005615234,4.8782701490000004,84.1651992797852,40.53639984
Cer 34:1;3,Cer,SL,MEM,34,1,3,NA,NA,NA,2.016849995
Cer 34:1;4,Cer,SL,MEM,34,1,4,0.325839012861252,0.115029998,0.390437990427017,0.499090999
Cer 34:2;2,Cer,SL,MEM,34,2,2,6.57963991165161,0.539691985,8.82464981079102,6.184599876
Cer 34:2;4,Cer,SL,MEM,34,2,4,NA,NA,0.197227999567986,NA
Cer 36:0;3,Cer,SL,MEM,36,0,3,NA,NA,0.189594000577927,0.229828998
Cer 36:1;2,Cer,SL,MEM,36,1,2,5.7749400138855,0.900053024,12.0378999710083,4.878620148
Cer 36:1;3,Cer,SL,MEM,36,1,3,NA,NA,NA,0.804234028
Cer 36:2;2,Cer,SL,MEM,36,2,2,4.56347990036011,0.389268994,5.12565994262695,2.735500097
Cer 38:0;2,Cer,SL,MEM,38,0,2,NA,NA,NA,1.020030022
Cer 38:0;4,Cer,SL,MEM,38,0,4,NA,NA,0.444763988256454,NA
Cer 38:1;2,Cer,SL,MEM,38,1,2,1.1316499710083,NA,1.5034099817276,1.928969979
Cer 38:1;4,Cer,SL,MEM,38,1,4,0.310485988855362,NA,0.367262989282608,0.304361999
Cer 38:2;2,Cer,SL,MEM,38,2,2,1.03756999969482,0.158457994,0.805067002773285,0.900563002
Cer 38:2;3,Cer,SL,MEM,38,2,3,NA,NA,NA,0.142735004
Cer 38:2;4,Cer,SL,MEM,38,2,4,0.586157977581024,0.103177004,0.218253999948502,NA
Cer 40:1;2,Cer,SL,MEM,40,1,2,6.53639984130859,0.450823992,5.56446981430054,13.34609985
Cer 40:1;3,Cer,SL,MEM,40,1,3,0.147761002182961,NA,NA,1.116080046
Cer 40:1;4,Cer,SL,MEM,40,1,4,NA,NA,NA,0.420473009
Cer 40:2;2,Cer,SL,MEM,40,2,2,5.24479007720947,0.332556993,3.176029920578,7.827310085
Cer 40:2;4,Cer,SL,MEM,40,2,4,NA,NA,NA,NA
Cer 42:1;2,Cer,SL,MEM,42,1,2,15.0179004669189,0.764962971,12.7586002349854,84.0522995
Cer 42:1;3,Cer,SL,MEM,42,1,3,NA,NA,0.511241972446442,5.567450047
Cer 42:1;4,Cer,SL,MEM,42,1,4,0.567582011222839,NA,0.270595014095306,2.993619919
Cer 42:2;2,Cer,SL,MEM,42,2,2,31.3883991241455,1.320109963,22.9321994781494,124.7030029
Cer 42:2;3,Cer,SL,MEM,42,2,3,0.336659014225006,NA,0.220246002078056,0.842227995
Cer 42:2;4,Cer,SL,MEM,42,2,4,0.131920993328094,NA,NA,0.228532001
Cer 44:1;2,Cer,SL,MEM,44,1,2,0.386256009340286,NA,0.709546029567719,5.175869942
Cer 44:2;2,Cer,SL,MEM,44,2,2,0.648389995098114,NA,0.749588012695312,5.017869949
Cer 44:2;4,Cer,SL,MEM,44,2,4,NA,NA,NA,0.328245014
DAG 12:0;0_18:0;0,DAG,GL,MEM,30,0,0,0.38128200173378,NA,NA,NA
DAG 13:0;0_17:0;0,DAG,GL,MEM,30,0,0,NA,NA,NA,NA
DAG 14:0;0_16:0;0,DAG,GL,MEM,30,0,0,7.89430999755859,NA,NA,NA
DAG 14:0;0_16:1;0,DAG,GL,MEM,30,1,0,NA,1.455819964,NA,NA
DAG 13:0;0_18:0;0,DAG,GL,MEM,31,0,0,0.719632029533386,NA,NA,NA
DAG 14:0;0_17:0;0,DAG,GL,MEM,31,0,0,0.970403015613556,0.25247401,NA,NA
DAG 15:0;0_16:0;0,DAG,GL,MEM,31,0,0,7.06993007659912,1.871719956,NA,2.294660091
DAG 11:0;0_20:1;0,DAG,GL,MEM,31,1,0,0.162639006972313,NA,NA,NA
DAG 13:0;0_18:1;0,DAG,GL,MEM,31,1,0,4.50804996490479,0.69749999,NA,NA
DAG 14:0;0_17:1;0,DAG,GL,MEM,31,1,0,0.872313022613525,0.217331007,NA,NA
DAG 15:0;0_16:1;0,DAG,GL,MEM,31,1,0,3.73696994781494,1.524700046,NA,NA
DAG 15:1;0_16:0;0,DAG,GL,MEM,31,1,0,3.97673010826111,NA,NA,NA
DAG 14:0;0_18:0;0,DAG,GL,MEM,32,0,0,3.03805994987488,0.32595101,NA,NA
DAG 15:0;0_17:0;0,DAG,GL,MEM,32,0,0,1.02915000915527,NA,NA,0.267289996
DAG 16:0;0_16:0;0,DAG,GL,MEM,32,0,0,14.1274995803833,NA,NA,NA
DAG 14:0;0_18:1;0,DAG,GL,MEM,32,1,0,42.1088981628418,3.437609911,NA,1.176560044
DAG 15:0;0_17:1;0,DAG,GL,MEM,32,1,0,NA,0.255201012,NA,NA
DAG 16:0;0_16:1;0,DAG,GL,MEM,32,1,0,69.9607009887695,10.75389957,28.3213005065918,3.185820103
DAG 14:0;0_18:2;0,DAG,GL,MEM,32,2,0,0.363806992769241,NA,NA,NA
DAG 14:1;0_18:1;0,DAG,GL,MEM,32,2,0,2.90991997718811,NA,NA,NA
DAG 15:1;0_17:1;0,DAG,GL,MEM,32,2,0,NA,NA,NA,NA
DAG 16:0;0_16:2;0,DAG,GL,MEM,32,2,0,1.32658004760742,NA,NA,NA
DAG 16:1;0_16:1;0,DAG,GL,MEM,32,2,0,9.9987096786499,2.872620106,NA,NA
DAG 16:1;0_16:2;0,DAG,GL,MEM,32,3,0,NA,NA,NA,NA
DAG 16:0;0_17:0;0,DAG,GL,MEM,33,0,0,NA,1.536550045,NA,1.550009966
DAG 13:0;0_20:1;0,DAG,GL,MEM,33,1,0,0.278490006923676,NA,NA,NA
DAG 15:0;0_18:1;0,DAG,GL,MEM,33,1,0,12.3017997741699,2.504240036,4.44664001464844,1.513149977
DAG 16:0;0_17:1;0,DAG,GL,MEM,33,1,0,6.27409982681274,1.323279977,1.36351001262665,0.691466987
DAG 16:1;0_17:0;0,DAG,GL,MEM,33,1,0,3.3848600387573202,1.419170022,NA,0.905479014
DAG 16:0;0_18:0;0,DAG,GL,MEM,34,0,0,27.7127990722656,NA,NA,NA
DAG 14:0;0_20:1;0,DAG,GL,MEM,34,1,0,NA,NA,NA,NA
DAG 16:0;0_18:1;0,DAG,GL,MEM,34,1,0,158.701995849609,23.3178997,73.272102355957,15.47529984
DAG 16:1;0_18:0;0,DAG,GL,MEM,34,1,0,11.4693002700806,1.612100005,7.05445003509521,1.427919984
DAG 16:0;0_18:2;0,DAG,GL,MEM,34,2,0,2.88871002197266,0.509594977,1.10837996006012,0.382631987
DAG 16:1;0_18:1;0,DAG,GL,MEM,34,2,0,85.7514038085938,12.50669956,21.4888000488281,6.46668005
DAG 16:2;0_18:0;0,DAG,GL,MEM,34,2,0,0.51690798997879,NA,NA,NA
DAG 17:1;0_17:1;0,DAG,GL,MEM,34,2,0,0.24711999297142,0.92314899,0.400988012552261,0.140812993
DAG 16:1;0_18:2;0,DAG,GL,MEM,34,3,0,1.35166001319885,NA,NA,NA
DAG 16:2;0_18:1;0,DAG,GL,MEM,34,3,0,3.47271990776062,NA,NA,NA
DAG 15:0;0_20:1;0,DAG,GL,MEM,35,1,0,0.884643018245697,NA,1.16017997264862,NA
DAG 16:0;0_19:1;0,DAG,GL,MEM,35,1,0,0.980669021606445,0.240830004,0.364598006010056,NA
DAG 16:1;0_19:0;0,DAG,GL,MEM,35,1,0,NA,NA,NA,NA
DAG 17:0;0_18:1;0,DAG,GL,MEM,35,1,0,11.6990995407104,3.350009918,7.58240985870361,3.99138999
DAG 17:1;0_18:0;0,DAG,GL,MEM,35,1,0,NA,0.270392001,NA,NA
DAG 15:0;0_20:2;0,DAG,GL,MEM,35,2,0,0.137391999363899,NA,NA,NA
DAG 16:0;0_19:2;0,DAG,GL,MEM,35,2,0,NA,NA,NA,NA
DAG 16:1;0_19:1;0,DAG,GL,MEM,35,2,0,0.456622987985611,0.115006998,NA,0.036440101
DAG 17:0;0_18:2;0,DAG,GL,MEM,35,2,0,0.193571001291275,NA,NA,0.059161901
DAG 17:1;0_18:1;0,DAG,GL,MEM,35,2,0,8.09955024719238,2.099270105,NA,1.295840025
DAG 17:0;0_19:0;0,DAG,GL,MEM,36,0,0,NA,NA,NA,NA
DAG 16:0;0_20:1;0,DAG,GL,MEM,36,1,0,6.14599990844727,0.84186101,NA,NA
DAG 18:0;0_18:1;0,DAG,GL,MEM,36,1,0,31.5513000488281,6.96434021,62.5984001159668,10.28579998
DAG 16:0;0_20:2;0,DAG,GL,MEM,36,2,0,2.32259011268616,0.302720994,2.39252996444702,0.473210007
DAG 16:1;0_20:1;0,DAG,GL,MEM,36,2,0,4.15781021118164,0.421054006,1.42077004909515,NA
DAG 18:0;0_18:2;0,DAG,GL,MEM,36,2,0,2.22518992424011,0.471498996,4.15011978149414,0.582233012
DAG 18:1;0_18:1;0,DAG,GL,MEM,36,2,0,145.970993041992,22.21689987,79.6402969360352,17.6590004
DAG 16:0;0_20:3;0,DAG,GL,MEM,36,3,0,1.13787996768951,NA,NA,0.30152899
DAG 16:1;0_20:2;0,DAG,GL,MEM,36,3,0,0.697090029716492,NA,NA,0.167640001
DAG 16:2;0_20:1;0,DAG,GL,MEM,36,3,0,NA,NA,NA,NA
DAG 18:1;0_18:2;0,DAG,GL,MEM,36,3,0,6.12662982940674,1.410840034,NA,1.000499964
DAG 17:0;0_20:1;0,DAG,GL,MEM,37,1,0,1.04374003410339,NA,NA,NA
DAG 18:0;0_19:1;0,DAG,GL,MEM,37,1,0,NA,NA,NA,NA
DAG 18:1;0_19:0;0,DAG,GL,MEM,37,1,0,2.92912006378174,NA,NA,1.773869991
DAG 17:0;0_20:2;0,DAG,GL,MEM,37,2,0,0.307821989059448,NA,NA,0.16956
DAG 17:1;0_20:1;0,DAG,GL,MEM,37,2,0,0.782074987888336,NA,NA,0.318199009
DAG 18:0;0_19:2;0,DAG,GL,MEM,37,2,0,0.259705990552902,NA,NA,0.161042005
DAG 18:1;0_19:1;0,DAG,GL,MEM,37,2,0,3.23978996276855,NA,NA,0.786849022
DAG 16:0;0_22:1;0,DAG,GL,MEM,38,1,0,2.50517988204956,NA,NA,NA
DAG 16:1;0_22:0;0,DAG,GL,MEM,38,1,0,0.445778995752335,NA,NA,NA
DAG 18:0;0_20:1;0,DAG,GL,MEM,38,1,0,4.27313995361328,NA,NA,NA
DAG 16:0;0_22:2;0,DAG,GL,MEM,38,2,0,NA,NA,NA,NA
DAG 16:1;0_22:1;0,DAG,GL,MEM,38,2,0,0.406975001096725,NA,NA,NA
DAG 18:0;0_20:2;0,DAG,GL,MEM,38,2,0,3.81073999404907,1.436290026,10.4629001617432,2.524790049
DAG 18:1;0_20:1;0,DAG,GL,MEM,38,2,0,17.9596004486084,2.30885005,7.41405010223389,2.671940088
DAG 18:1;0_20:2;0,DAG,GL,MEM,38,3,0,6.86263990402222,NA,9.92057991027832,NA
DAG 18:1;0_20:3;0,DAG,GL,MEM,38,4,0,NA,NA,NA,NA
DAG 16:0;0_24:1;0,DAG,GL,MEM,40,1,0,3.16471004486084,NA,NA,NA
DAG 16:1;0_24:0;0,DAG,GL,MEM,40,1,0,NA,NA,NA,18.83499908
DAG 16:1;0_24:1;0,DAG,GL,MEM,40,2,0,0.857683002948761,NA,NA,NA
DAG 18:1;0_22:1;0,DAG,GL,MEM,40,2,0,6.10873985290527,NA,NA,NA
DAG 20:1;0_20:1;0,DAG,GL,MEM,40,2,0,1.56440997123718,NA,NA,NA
DiHexCer 34:1;2,DiHexCer,SL,MEM,34,1,2,NA,NA,7.46939992904663,7.743460178
Gb3 34:1;2,Gb3,SL,MEM,34,1,2,NA,NA,NA,NA
GD1 34:1;2,GD1,SL,MEM,34,1,2,NA,34.61840057,199.337997436523,271.0409851
GD1 34:2;2,GD1,SL,MEM,34,2,2,NA,NA,32.7710990905762,NA
GD1 36:1;2,GD1,SL,MEM,36,1,2,NA,NA,23.0251998901367,NA
GD1 36:2;2,GD1,SL,MEM,36,2,2,NA,NA,NA,NA
GD1 36:2;3,GD1,SL,MEM,36,2,3,NA,NA,33.4889984130859,NA
GD1 38:1;2,GD1,SL,MEM,38,1,2,NA,NA,NA,NA
GD1 42:2;2,GD1,SL,MEM,42,2,2,NA,NA,21.2185001373291,71.9865036
GD2 34:1;2,GD2,SL,MEM,34,1,2,NA,NA,33.0694999694824,37.72230148
GD2 36:2;3,GD2,SL,MEM,36,2,3,NA,NA,33.2495002746582,NA
GD3 34:1;2,GD3,SL,MEM,34,1,2,NA,NA,30.3439998626709,40.47980118
GD3 36:1;2,GD3,SL,MEM,36,1,2,NA,NA,NA,NA
GD3 36:2;3,GD3,SL,MEM,36,2,3,NA,NA,23.5333003997803,NA
GD3 40:1;2,GD3,SL,MEM,40,1,2,104.245002746582,39.98339844,NA,34.98310089
GM1 32:0;4,GM1,SL,MEM,32,0,4,35.4925003051758,NA,17.6758003234863,NA
GM1 34:1;2,GM1,SL,MEM,34,1,2,NA,NA,71.5613021850586,64.17169952
GM1 34:2;2,GM1,SL,MEM,34,2,2,NA,NA,NA,NA
GM1 36:1;2,GM1,SL,MEM,36,1,2,NA,NA,NA,NA
GM1 36:1;3,GM1,SL,MEM,36,1,3,NA,NA,NA,NA
GM2 34:1;2,GM2,SL,MEM,34,1,2,NA,NA,106.13500213623,87.41259766
GM2 34:2;2,GM2,SL,MEM,34,2,2,NA,NA,NA,NA
GM2 36:1;2,GM2,SL,MEM,36,1,2,NA,NA,115.088996887207,NA
GM2 36:1;4,GM2,SL,MEM,36,1,4,NA,NA,NA,NA
GM2 40:1;2,GM2,SL,MEM,40,1,2,NA,NA,NA,NA
GM2 42:2;2,GM2,SL,MEM,42,2,2,NA,7.538189888,NA,58.63079834
GM3 34:1;2,GM3,SL,MEM,34,1,2,25.332799911499,15.45320034,411.584991455078,373.5859985
GM3 34:2;2,GM3,SL,MEM,34,2,2,NA,NA,48.8875007629395,90.0605011
GM3 34:2;3,GM3,SL,MEM,34,2,3,NA,NA,NA,NA
GM3 36:1;2,GM3,SL,MEM,36,1,2,NA,NA,NA,NA
GM3 38:2;2,GM3,SL,MEM,38,2,2,39.7165985107422,NA,123.148002624512,66.39800262
GM3 40:1;2,GM3,SL,MEM,40,1,2,NA,NA,NA,42.42620087
GM3 40:1;4,GM3,SL,MEM,40,1,4,NA,NA,NA,NA
GM3 40:2;2,GM3,SL,MEM,40,2,2,NA,NA,NA,NA
HexCer 30:1;3,HexCer,SL,MEM,30,1,3,NA,NA,NA,NA
HexCer 34:1;2,HexCer,SL,MEM,34,1,2,5.26799011230469,0.657797992,39.1554985046387,13.34459972
HexCer 34:2;2,HexCer,SL,MEM,34,2,2,1.67691004276276,NA,5.43427991867065,1.60532999
HexCer 36:1;2,HexCer,SL,MEM,36,1,2,1.90408003330231,NA,6.52108001708984,1.955189943
HexCer 36:2;2,HexCer,SL,MEM,36,2,2,1.68027997016907,NA,3.90651988983154,0.813710988
HexCer 40:1;2,HexCer,SL,MEM,40,1,2,1.35248005390167,NA,3.33359003067017,8.383290291
HexCer 40:2;2,HexCer,SL,MEM,40,2,2,0.647818982601166,NA,1.77493000030518,3.553459883
HexCer 40:2;3,HexCer,SL,MEM,40,2,3,NA,NA,NA,NA
HexCer 42:1;2,HexCer,SL,MEM,42,1,2,2.9956998825073202,0.390630007,6.68776988983154,20.98859978
HexCer 42:1;3,HexCer,SL,MEM,42,1,3,NA,NA,NA,NA
HexCer 42:2;2,HexCer,SL,MEM,42,2,2,5.24056005477905,0.337191999,7.91861009597778,29.50239944
HexCer 42:2;3,HexCer,SL,MEM,42,2,3,NA,NA,NA,1.788509965
LPA 16:0;0,LPA,GPL,LYS,16,0,0,2.61952996253967,NA,13.2165002822876,NA
LPA 18:0;0,LPA,GPL,LYS,18,0,0,NA,NA,4.18506002426147,NA
LPA 18:1;0,LPA,GPL,LYS,18,1,0,14.1448001861572,1.429990053,21.7033996582031,NA
LPC 14:0;0,LPC,GPL,LYS,14,0,0,NA,NA,11.895299911499,NA
LPC 16:0;0,LPC,GPL,LYS,16,0,0,7.64215993881226,8.679869652,270.273986816406,15.22089958
LPC 16:1;0,LPC,GPL,LYS,16,1,0,NA,0.526386023,10.2566003799438,2.068730116
LPC 18:0;0,LPC,GPL,LYS,18,0,0,3.45369005203247,8.780079842,55.0831985473633,3.001490116
LPC 18:1;0,LPC,GPL,LYS,18,1,0,7.40161991119385,12.97980022,168.488998413086,22.67140007
LPC 18:2;0,LPC,GPL,LYS,18,2,0,NA,0.489425004,NA,NA
LPC 20:0;0,LPC,GPL,LYS,20,0,0,NA,0.922195017,NA,NA
LPC 20:1;0,LPC,GPL,LYS,20,1,0,1.67964005470276,8.80298996,13.5769996643066,3.438319921
LPC 20:2;0,LPC,GPL,LYS,20,2,0,NA,0.421968997,NA,NA
LPC 22:0;0,LPC,GPL,LYS,22,0,0,NA,0.638711989,NA,NA
LPC 22:1;0,LPC,GPL,LYS,22,1,0,NA,2.335129976,5.16240978240967,NA
LPC O-16:0;0,LPC O-,GPL,LYS,16,0,0,NA,1.194280028,7.95922994613647,NA
LPC O-16:1;0,LPC O-,GPL,LYS,16,1,0,NA,1.341580033,33.1363983154297,2.891279936
LPC O-18:0;0,LPC O-,GPL,LYS,18,0,0,NA,1.589599967,NA,NA
LPC O-18:1;0,LPC O-,GPL,LYS,18,1,0,NA,1.913720012,6.32185983657837,NA
LPC O-18:2;0,LPC O-,GPL,LYS,18,2,0,NA,1.148110032,5.12348985671997,3.079129934
LPE 16:0;0,LPE,GPL,LYS,16,0,0,0.912321984767914,0.905084014,24.1448001861572,0.67345202
LPE 16:1;0,LPE,GPL,LYS,16,1,0,NA,0.67335701,1.76584994792938,0.413331985
LPE 18:0;0,LPE,GPL,LYS,18,0,0,2.46407008171082,3.005059958,38.4154014587402,1.306339979
LPE 18:1;0,LPE,GPL,LYS,18,1,0,9.06838035583496,5.680699825,82.2722015380859,3.970530033
LPE 20:0;0,LPE,GPL,LYS,20,0,0,NA,0.608242989,3.04587006568909,NA
LPE 20:1;0,LPE,GPL,LYS,20,1,0,1.84233999252319,3.658900023,14.9381999969482,1.399989963
LPE 20:2;0,LPE,GPL,LYS,20,2,0,0.387263000011444,0.256949991,NA,NA
LPE 22:0;0,LPE,GPL,LYS,22,0,0,NA,0.413504004,NA,NA
LPE 22:1;0,LPE,GPL,LYS,22,1,0,NA,1.411090016,2.3831000328064,NA
LPE 24:0;0,LPE,GPL,LYS,24,0,0,0.367186009883881,0.924263,27.9643993377686,NA
LPE 24:1;0,LPE,GPL,LYS,24,1,0,NA,0.537339985,10.1497001647949,NA
LPE O-16:1;0,LPE O-,GPL,LYS,16,1,0,1.31713998317719,1.02421999,66.7387008666992,1.289340019
LPE O-18:0;0,LPE O-,GPL,LYS,18,0,0,NA,0.356792003,NA,NA
LPE O-18:1;0,LPE O-,GPL,LYS,18,1,0,1.23458003997803,2.614180088,22.5438003540039,0.459223002
LPE O-18:2;0,LPE O-,GPL,LYS,18,2,0,1.50411999225616,1.587520003,21.2471008300781,1.45114994
LPG 18:0;0,LPG,GPL,LYS,18,0,0,NA,NA,NA,NA
LPG 18:1;0,LPG,GPL,LYS,18,1,0,1.65254998207092,NA,5.94792985916138,NA
LPI 16:0;0,LPI,GPL,LYS,16,0,0,NA,NA,11.2833995819092,NA
LPI 18:0;0,LPI,GPL,LYS,18,0,0,3.90179991722107,1.782870054,50.4196014404297,NA
LPI 18:1;0,LPI,GPL,LYS,18,1,0,3.83172988891602,NA,34.5960998535156,NA
LPI 20:1;0,LPI,GPL,LYS,20,1,0,NA,NA,NA,NA
LPI 20:2;0,LPI,GPL,LYS,20,2,0,NA,NA,6.7118501663208,NA
LPS 18:0;0,LPS,GPL,LYS,18,0,0,6.83717012405396,1.591279984,31.8155994415283,NA
LPS 18:1;0,LPS,GPL,LYS,18,1,0,4.12746000289917,NA,14.8654003143311,NA
LPS 24:0;0,LPS,GPL,LYS,24,0,0,NA,1.853029966,18.0569000244141,NA
LPS 24:1;0,LPS,GPL,LYS,24,1,0,NA,NA,NA,NA
PA 14:0;0_18:1;0,PA,GPL,MEM,32,1,0,8.353440284729,NA,NA,NA
PA 16:0;0_16:1;0,PA,GPL,MEM,32,1,0,20.8512992858887,NA,NA,NA
PA 15:0;0_18:1;0,PA,GPL,MEM,33,1,0,NA,NA,NA,NA
PA 16:0;0_18:0;0,PA,GPL,MEM,34,0,0,5.2048602104187,NA,5.25731992721558,7.12872982
PA 16:0;0_18:1;0,PA,GPL,MEM,34,1,0,33.4235992431641,NA,10.2934999465942,NA
PA 16:1;0_18:0;0,PA,GPL,MEM,34,1,0,9.50174045562744,NA,9.85974979400635,NA
PA 17:0;0_17:1;0,PA,GPL,MEM,34,1,0,NA,NA,NA,NA
PA 16:1;0_18:1;0,PA,GPL,MEM,34,2,0,23.1856994628906,NA,NA,NA
PA 17:1;0_17:1;0,PA,GPL,MEM,34,2,0,4.80406999588013,NA,NA,NA
PA 17:0;0_18:0;0,PA,GPL,MEM,35,0,0,NA,NA,NA,NA
PA 16:0;0_20:1;0,PA,GPL,MEM,36,1,0,1.26417005062103,NA,NA,NA
PA 18:0;0_18:1;0,PA,GPL,MEM,36,1,0,11.4095001220703,NA,NA,NA
PA 16:1;0_20:1;0,PA,GPL,MEM,36,2,0,NA,NA,NA,NA
PA 18:0;0_18:2;0,PA,GPL,MEM,36,2,0,NA,NA,NA,NA
PA 18:1;0_18:1;0,PA,GPL,MEM,36,2,0,34.6519012451172,NA,NA,NA
PA 18:0;0_20:2;0,PA,GPL,MEM,38,2,0,NA,NA,NA,NA
PA 18:1;0_20:1;0,PA,GPL,MEM,38,2,0,16.525899887085,NA,30.2712993621826,NA
PC 12:0;0_16:0;0,PC,GPL,MEM,28,0,0,0.44328498840332,0.222068995,4.3971700668335,0.837779999
PC 13:0;0_15:0;0,PC,GPL,MEM,28,0,0,0.416325986385345,0.134908006,1.94897997379303,1.089149952
PC 14:0;0_14:0;0,PC,GPL,MEM,28,0,0,NA,NA,7.39100980758667,1.78708005
PC 11:0;0_18:0;0,PC,GPL,MEM,29,0,0,0.183393001556396,NA,NA,NA
PC 12:0;0_17:0;0,PC,GPL,MEM,29,0,0,0.792931020259857,0.323352009,2.47862005233765,2.015280008
PC 13:0;0_16:0;0,PC,GPL,MEM,29,0,0,1.86349999904633,0.49220401,12.9308004379272,4.021110058
PC 14:0;0_15:0;0,PC,GPL,MEM,29,0,0,0.546077013015747,0.287651002,13.9153995513916,7.807759762
PC 11:0;0_18:1;0,PC,GPL,MEM,29,1,0,0.739386022090912,NA,NA,NA
PC 12:0;0_17:1;0,PC,GPL,MEM,29,1,0,NA,NA,NA,NA
PC 13:0;0_16:1;0,PC,GPL,MEM,29,1,0,0.577234029769897,NA,NA,0.497720003
PC 14:0;0_15:1;0,PC,GPL,MEM,29,1,0,NA,NA,NA,0.909313977
PC 14:1;0_15:0;0,PC,GPL,MEM,29,1,0,NA,NA,NA,0.198661998
PC 12:0;0_18:0;0,PC,GPL,MEM,30,0,0,NA,NA,1.75923001766205,0.346834987
PC 13:0;0_17:0;0,PC,GPL,MEM,30,0,0,0.280620992183685,0.562865973,1.51105999946594,0.96755302
PC 14:0;0_16:0;0,PC,GPL,MEM,30,0,0,3.96620011329651,1.655779958,76.6903991699219,13.60400009
PC 15:0;0_15:0;0,PC,GPL,MEM,30,0,0,0.665719985961914,0.914004982,17.6973991394043,10.55070019
PC 14:0;0_16:2;0,PC,GPL,MEM,30,2,0,NA,NA,8.72651958465576,NA
PC 14:1;0_16:1;0,PC,GPL,MEM,30,2,0,NA,NA,NA,NA
PC 15:1;0_15:1;0,PC,GPL,MEM,30,2,0,NA,NA,NA,NA
PC 13:0;0_18:0;0,PC,GPL,MEM,31,0,0,1.50278997421265,0.827579021,5.61109018325806,1.054290056
PC 14:0;0_17:0;0,PC,GPL,MEM,31,0,0,1.39495003223419,0.717938006,18.8612995147705,6.743249893
PC 15:0;0_16:0;0,PC,GPL,MEM,31,0,0,10.1801996231079,3.999690056,132.477996826172,68.77459717
PC 13:0;0_18:1;0,PC,GPL,MEM,31,1,0,3.62575006484985,0.915629983,7.85361003875732,3.038180113
PC 14:0;0_17:1;0,PC,GPL,MEM,31,1,0,0.694959998130798,0.260821015,4.30904006958008,2.364219904
PC 14:1;0_17:0;0,PC,GPL,MEM,31,1,0,NA,NA,5.35075998306274,0.940738022
PC 15:0;0_16:1;0,PC,GPL,MEM,31,1,0,7.31726980209351,3.603909969,67.1803970336914,37.48939896
PC 15:1;0_16:0;0,PC,GPL,MEM,31,1,0,2.18396997451782,1.059260011,23.1490993499756,5.563010216
PC 14:1;0_17:1;0,PC,GPL,MEM,31,2,0,NA,NA,NA,0.728241026
PC 15:0;0_16:2;0,PC,GPL,MEM,31,2,0,NA,NA,NA,2.029230118
PC 14:0;0_18:0;0,PC,GPL,MEM,32,0,0,NA,0.378008008,NA,NA
PC 15:0;0_17:0;0,PC,GPL,MEM,32,0,0,0.658927977085114,1.281690001,11.2208003997803,7.589149952
PC 16:0;0_16:0;0,PC,GPL,MEM,32,0,0,5.22444009780884,2.077450037,69.173698425293,23.04920006
PC 14:0;0_18:1;0,PC,GPL,MEM,32,1,0,46.2080993652344,NA,192.964004516602,45.75469971
PC 14:1;0_18:0;0,PC,GPL,MEM,32,1,0,0.87958699464798,NA,NA,0.665123999
PC 15:0;0_17:1;0,PC,GPL,MEM,32,1,0,1.78810000419617,0.920939982,15.8456001281738,9.144069672
PC 15:1;0_17:0;0,PC,GPL,MEM,32,1,0,NA,NA,NA,5.189010143
PC 16:0;0_16:1;0,PC,GPL,MEM,32,1,0,115.333000183105,27.13290024,1190.43994140625,272.4890137
PC 14:0;0_18:2;0,PC,GPL,MEM,32,2,0,0.91175502538681,NA,1.82095003128052,0.607131004
PC 14:1;0_18:1;0,PC,GPL,MEM,32,2,0,3.39974999427795,0.465893,17.0925006866455,2.548079967
PC 16:0;0_16:2;0,PC,GPL,MEM,32,2,0,1.69440996646881,0.310470015,4.3225998878479,1.863680005
PC 16:1;0_16:1;0,PC,GPL,MEM,32,2,0,9.95512962341309,3.907589912,43.9533004760742,27.08639908
PC 16:1;0_16:2;0,PC,GPL,MEM,32,3,0,NA,0.491495997,NA,1.972339988
PC 15:0;0_18:0;0,PC,GPL,MEM,33,0,0,NA,0.71034801,NA,6.983870029
PC 16:0;0_17:0;0,PC,GPL,MEM,33,0,0,NA,NA,145.723999023438,39.79240036
PC 13:0;0_20:1;0,PC,GPL,MEM,33,1,0,0.523769974708557,NA,NA,NA
PC 14:0;0_19:1;0,PC,GPL,MEM,33,1,0,0.276152998209,0.041865598,NA,0.299127996
PC 15:0;0_18:1;0,PC,GPL,MEM,33,1,0,53.8028984069824,7.235290051,193.005996704102,96.6882019
PC 15:1;0_18:0;0,PC,GPL,MEM,33,1,0,NA,NA,NA,NA
PC 16:0;0_17:1;0,PC,GPL,MEM,33,1,0,15.4573001861572,3.067780018,85.1100006103516,30.8526001
PC 16:1;0_17:0;0,PC,GPL,MEM,33,1,0,10.410400390625,2.27741003,51.7370986938477,29.36050034
PC 15:0;0_18:2;0,PC,GPL,MEM,33,2,0,2.16359996795654,0.0426386,5.70251989364624,0.409819007
PC 15:1;0_18:1;0,PC,GPL,MEM,33,2,0,NA,1.538149953,NA,13.5
PC 16:0;0_17:2;0,PC,GPL,MEM,33,2,0,NA,0.140191004,NA,0.762142003
PC 16:1;0_17:1;0,PC,GPL,MEM,33,2,0,29.3903007507324,0.651066005,75.4589996337891,4.970510006
PC 16:2;0_17:1;0,PC,GPL,MEM,33,3,0,3.85999989509583,NA,NA,3.771070004
PC 15:0;0_19:0;0,PC,GPL,MEM,34,0,0,NA,NA,NA,0.796122015
PC 14:0;0_20:1;0,PC,GPL,MEM,34,1,0,3.09301996231079,0.125985995,11.3972997665405,1.894420028
PC 15:0;0_19:1;0,PC,GPL,MEM,34,1,0,NA,0.149441004,2.40234994888306,1.547539949
PC 16:0;0_18:1;0,PC,GPL,MEM,34,1,0,682.414978027344,36.53210068,2069.01000976562,470.223999
PC 16:1;0_18:0;0,PC,GPL,MEM,34,1,0,49.3255996704102,4.540229797,172.503997802734,46.18989944
PC 17:0;0_17:1;0,PC,GPL,MEM,34,1,0,2.52755999565125,0.697026014,9.91415977478027,5.804550171
PC 14:0;0_20:2;0,PC,GPL,MEM,34,2,0,0.480585992336273,NA,1.51194000244141,0.391923994
PC 14:1;0_20:1;0,PC,GPL,MEM,34,2,0,NA,NA,NA,NA
PC 16:0;0_18:2;0,PC,GPL,MEM,34,2,0,7.82806015014648,0.84069097,21.8134002685547,8.03606987
PC 16:1;0_18:1;0,PC,GPL,MEM,34,2,0,214.983001708984,20.8526001,399.221008300781,232.3999939
PC 16:2;0_18:0;0,PC,GPL,MEM,34,2,0,0.802555024623871,NA,NA,0.497159004
PC 17:1;0_17:1;0,PC,GPL,MEM,34,2,0,0.920231997966766,0.278883994,2.75658011436462,2.146970034
PC 14:0;0_20:3;0,PC,GPL,MEM,34,3,0,NA,NA,NA,NA
PC 16:0;0_18:3;0,PC,GPL,MEM,34,3,0,NA,NA,0.804502010345459,0.453851998
PC 16:1;0_18:2;0,PC,GPL,MEM,34,3,0,1.94780004024506,0.357867002,3.48931002616882,2.739439964
PC 16:2;0_18:1;0,PC,GPL,MEM,34,3,0,3.0161600112915,0.648733974,3.11006999015808,3.165580034
PC 15:0;0_20:0;0,PC,GPL,MEM,35,0,0,NA,0.0113547,0.27658399939537,NA
PC 16:0;0_19:0;0,PC,GPL,MEM,35,0,0,0.680365979671478,0.068314798,1.35289001464844,0.487410009
PC 17:0;0_18:0;0,PC,GPL,MEM,35,0,0,2.24820995330811,NA,4.47975015640259,2.323570013
PC 13:0;0_22:1;0,PC,GPL,MEM,35,1,0,NA,NA,NA,NA
PC 14:0;0_21:1;0,PC,GPL,MEM,35,1,0,NA,NA,NA,NA
PC 15:0;0_20:1;0,PC,GPL,MEM,35,1,0,5.39638996124268,0.652423978,9.96397018432617,9.365539551
PC 16:0;0_19:1;0,PC,GPL,MEM,35,1,0,3.84945011138916,0.459583998,9.8015604019165,2.492059946
PC 16:1;0_19:0;0,PC,GPL,MEM,35,1,0,1.64321005344391,0.212918997,4.44156980514526,2.581269979
PC 17:0;0_18:1;0,PC,GPL,MEM,35,1,0,66.7664031982422,5.120269775,128.399002075195,77.11889648
PC 17:1;0_18:0;0,PC,GPL,MEM,35,1,0,5.20288991928101,0.736892998,13.2200002670288,5.575970173
PC 15:0;0_20:2;0,PC,GPL,MEM,35,2,0,0.62642902135849,NA,1.25350999832153,0.698040009
PC 16:0;0_19:2;0,PC,GPL,MEM,35,2,0,0.522834002971649,NA,NA,0.549282014
PC 16:1;0_19:1;0,PC,GPL,MEM,35,2,0,3.28414011001587,0.335280001,6.23412990570068,3.211839914
PC 17:0;0_18:2;0,PC,GPL,MEM,35,2,0,0.917945027351379,0.192166001,1.69307005405426,1.555349946
PC 17:1;0_18:1;0,PC,GPL,MEM,35,2,0,48.9281997680664,4.707019806,64.994499206543,41.8302002
PC 17:1;0_18:2;0,PC,GPL,MEM,35,3,0,1.50792002677917,NA,NA,0.956892014
PC 14:0;0_22:1;0,PC,GPL,MEM,36,1,0,1.5830899477005,NA,1.45026004314423,0.897736013
PC 15:0;0_21:1;0,PC,GPL,MEM,36,1,0,NA,NA,NA,0.358996004
PC 16:0;0_20:1;0,PC,GPL,MEM,36,1,0,22.3598003387451,0.546285987,23.8603000640869,5.958079815
PC 16:1;0_20:0;0,PC,GPL,MEM,36,1,0,3.83136010169983,0.169843003,8.63298034667969,2.554919958
PC 17:0;0_19:1;0,PC,GPL,MEM,36,1,0,0.730530023574829,0.113765001,NA,0.810469985
PC 17:1;0_19:0;0,PC,GPL,MEM,36,1,0,NA,0.044902898,NA,0.280856013
PC 18:0;0_18:1;0,PC,GPL,MEM,36,1,0,164.574005126953,5.860889912,240.197998046875,59.96910095
PC 16:0;0_20:2;0,PC,GPL,MEM,36,2,0,7.76610994338989,0.378096998,7.701819896698,2.467950106
PC 16:1;0_20:1;0,PC,GPL,MEM,36,2,0,29.4902000427246,1.571670055,55.3050003051758,25.94529915
PC 17:1;0_19:1;0,PC,GPL,MEM,36,2,0,NA,NA,NA,0.872916996
PC 18:0;0_18:2;0,PC,GPL,MEM,36,2,0,4.0604100227356,0.26296699,4.89972019195557,1.947260022
PC 18:1;0_18:1;0,PC,GPL,MEM,36,2,0,552.635009765625,31.28820038,623.140014648438,414.7909851
PC 16:0;0_20:3;0,PC,GPL,MEM,36,3,0,2.28115010261536,0.225079998,2.02941989898682,1.43651998
PC 16:1;0_20:2;0,PC,GPL,MEM,36,3,0,1.98459994792938,0.149551004,2.83441996574402,1.991250038
PC 16:2;0_20:1;0,PC,GPL,MEM,36,3,0,NA,NA,NA,0.169265002
PC 17:0;0_19:3;0,PC,GPL,MEM,36,3,0,NA,NA,NA,NA
PC 18:0;0_18:3;0,PC,GPL,MEM,36,3,0,0.361074000597,NA,NA,NA
PC 18:1;0_18:2;0,PC,GPL,MEM,36,3,0,15.4890003204346,0.966008008,14.0073003768921,12.20950031
PC 16:1;0_20:3;0,PC,GPL,MEM,36,4,0,0.244378998875618,NA,NA,NA
PC 18:1;0_18:3;0,PC,GPL,MEM,36,4,0,1.23921000957489,NA,NA,NA
PC 13:0;0_24:1;0,PC,GPL,MEM,37,1,0,0.314060002565384,NA,NA,0.389315009
PC 15:0;0_22:1;0,PC,GPL,MEM,37,1,0,2.86223006248474,0.078173801,1.75655996799469,4.128250122
PC 16:0;0_21:1;0,PC,GPL,MEM,37,1,0,0.93181300163269,NA,NA,0.840956986
PC 16:1;0_21:0;0,PC,GPL,MEM,37,1,0,NA,NA,NA,0.99128902
PC 17:0;0_20:1;0,PC,GPL,MEM,37,1,0,5.83827018737793,0.214144006,4.83303022384644,3.693380117
PC 17:1;0_20:0;0,PC,GPL,MEM,37,1,0,0.462924987077713,NA,NA,NA
PC 18:0;0_19:1;0,PC,GPL,MEM,37,1,0,0.957733988761902,0.154328004,2.12948989868164,0.475535005
PC 18:1;0_19:0;0,PC,GPL,MEM,37,1,0,9.5644998550415,0.299394011,8.69795036315918,5.499420166
PC 15:0;0_22:2;0,PC,GPL,MEM,37,2,0,0.474907010793686,NA,NA,0.737141013
PC 16:1;0_21:1;0,PC,GPL,MEM,37,2,0,NA,NA,NA,1.960710049
PC 17:0;0_20:2;0,PC,GPL,MEM,37,2,0,1.19032001495361,0.116770998,3.47458004951477,0.696622014
PC 17:1;0_20:1;0,PC,GPL,MEM,37,2,0,5.76281023025513,0.379195988,5.20874977111816,3.124140024
PC 18:0;0_19:2;0,PC,GPL,MEM,37,2,0,0.579761028289795,NA,NA,NA
PC 18:1;0_19:1;0,PC,GPL,MEM,37,2,0,18.8171997070312,0.961709976,18.3532009124756,9.165949821
PC 17:0;0_20:3;0,PC,GPL,MEM,37,3,0,0.343124002218246,NA,NA,0.128772005
PC 17:1;0_20:2;0,PC,GPL,MEM,37,3,0,0.581642985343933,NA,NA,0.083675198
PC 18:1;0_19:2;0,PC,GPL,MEM,37,3,0,1.87730002403259,NA,NA,0.938867986
PC 18:2;0_19:1;0,PC,GPL,MEM,37,3,0,NA,NA,NA,0.042264499
PC 17:0;0_20:5;0,PC,GPL,MEM,37,5,0,NA,NA,NA,NA
PC 14:0;0_24:1;0,PC,GPL,MEM,38,1,0,0.979830980300903,NA,NA,1.58099997
PC 16:0;0_22:1;0,PC,GPL,MEM,38,1,0,5.14700984954834,0.299562991,3.65079998970032,2.957639933
PC 16:1;0_22:0;0,PC,GPL,MEM,38,1,0,4.27832984924316,NA,2.65367007255554,2.985589981
PC 17:0;0_21:1;0,PC,GPL,MEM,38,1,0,0.363366007804871,NA,NA,0.144847006
PC 18:0;0_20:1;0,PC,GPL,MEM,38,1,0,NA,0.244389996,NA,NA
PC 18:1;0_20:0;0,PC,GPL,MEM,38,1,0,17.1592998504639,NA,7.07215976715088,3.143699884
PC 14:0;0_24:2;0,PC,GPL,MEM,38,2,0,NA,NA,NA,0.832525015
PC 16:0;0_22:2;0,PC,GPL,MEM,38,2,0,2.70988011360168,NA,4.02818012237549,1.920809984
PC 16:1;0_22:1;0,PC,GPL,MEM,38,2,0,26.7318000793457,0.322301,10.8879995346069,18.2682991
PC 18:0;0_20:2;0,PC,GPL,MEM,38,2,0,5.02596998214722,0.213163003,2.20024991035461,0.848257005
PC 18:1;0_20:1;0,PC,GPL,MEM,38,2,0,132.052001953125,3.416419983,65.1948013305664,49.21780014
PC 18:2;0_20:0;0,PC,GPL,MEM,38,2,0,NA,NA,NA,NA
PC 16:0;0_22:3;0,PC,GPL,MEM,38,3,0,0.492909014225006,NA,NA,0.499623001
PC 16:1;0_22:2;0,PC,GPL,MEM,38,3,0,1.20589995384216,NA,NA,1.718619943
PC 16:2;0_22:1;0,PC,GPL,MEM,38,3,0,NA,NA,NA,NA
PC 18:0;0_20:3;0,PC,GPL,MEM,38,3,0,1.92048001289368,0.102002002,NA,0.447192997
PC 18:1;0_20:2;0,PC,GPL,MEM,38,3,0,13.2003002166748,0.440901995,6.63782978057861,4.71036005
PC 18:2;0_20:1;0,PC,GPL,MEM,38,3,0,2.02788996696472,0.0644105,1.44098997116089,0.841534019
PC 18:1;0_20:3;0,PC,GPL,MEM,38,4,0,4.75574016571045,NA,NA,1.47826004
PC 18:2;0_20:2;0,PC,GPL,MEM,38,4,0,NA,NA,NA,NA
PC 15:0;0_24:1;0,PC,GPL,MEM,39,1,0,0.601346015930176,NA,2.41707992553711,4.010009766
PC 17:0;0_22:1;0,PC,GPL,MEM,39,1,0,1.77917003631592,NA,1.83500003814697,1.382169962
PC 17:1;0_22:0;0,PC,GPL,MEM,39,1,0,0.222581997513771,NA,NA,0.352279007
PC 18:0;0_21:1;0,PC,GPL,MEM,39,1,0,0.353334993124008,NA,NA,NA
PC 18:1;0_21:0;0,PC,GPL,MEM,39,1,0,1.81102001667023,NA,NA,NA
PC 19:0;0_20:1;0,PC,GPL,MEM,39,1,0,0.435360014438629,NA,NA,NA
PC 15:0;0_24:2;0,PC,GPL,MEM,39,2,0,NA,NA,NA,0.374913007
PC 16:1;0_23:1;0,PC,GPL,MEM,39,2,0,NA,NA,NA,2.912349939
PC 17:0;0_22:2;0,PC,GPL,MEM,39,2,0,0.381949007511139,NA,NA,0.133038998
PC 17:1;0_22:1;0,PC,GPL,MEM,39,2,0,2.36646008491516,NA,NA,0.740871012
PC 18:1;0_21:1;0,PC,GPL,MEM,39,2,0,5.68873977661133,NA,NA,1.220620036
PC 19:1;0_20:1;0,PC,GPL,MEM,39,2,0,0.840921998023987,NA,NA,0.098822601
PC 16:0;0_24:0;0,PC,GPL,MEM,40,0,0,NA,NA,NA,1.694849968
PC 16:0;0_24:1;0,PC,GPL,MEM,40,1,0,5.80390977859497,0.250182986,4.33714008331299,21.68499947
PC 16:1;0_24:0;0,PC,GPL,MEM,40,1,0,3.13660001754761,0.038420402,2.77864003181458,17.5048008
PC 18:0;0_22:1;0,PC,GPL,MEM,40,1,0,NA,NA,NA,1.132779956
PC 18:1;0_22:0;0,PC,GPL,MEM,40,1,0,5.09315013885498,NA,3.97486996650696,4.072130203
PC 16:0;0_24:2;0,PC,GPL,MEM,40,2,0,4.12405014038086,NA,3.41822004318237,11.61460018
PC 16:1;0_24:1;0,PC,GPL,MEM,40,2,0,11.8978996276855,0.162125006,5.02362012863159,37.15390015
PC 18:0;0_22:2;0,PC,GPL,MEM,40,2,0,1.17263996601105,NA,0.39861398935318,0.333487004
PC 18:1;0_22:1;0,PC,GPL,MEM,40,2,0,50.8204002380371,0.45113799,12.7687997817993,21.90069962
PC 20:1;0_20:1;0,PC,GPL,MEM,40,2,0,2.72655010223389,0.027907399,0.226881995797157,0.134344995
PC 16:1;0_24:2;0,PC,GPL,MEM,40,3,0,1.33511996269226,NA,NA,2.928080082
PC 18:0;0_22:3;0,PC,GPL,MEM,40,3,0,0.289314985275269,NA,NA,NA
PC 18:1;0_22:2;0,PC,GPL,MEM,40,3,0,4.42311000823975,NA,NA,2.509299994
PC 18:2;0_22:1;0,PC,GPL,MEM,40,3,0,0.954827010631561,NA,NA,0.496042997
PC 20:1;0_20:2;0,PC,GPL,MEM,40,3,0,1.23223996162415,NA,NA,0.115333997
PC 18:1;0_22:3;0,PC,GPL,MEM,40,4,0,1.05963003635406,NA,NA,NA
PC 20:1;0_20:3;0,PC,GPL,MEM,40,4,0,0.633643984794617,NA,NA,NA
PC 20:2;0_20:2;0,PC,GPL,MEM,40,4,0,NA,NA,NA,NA
PC 17:0;0_24:1;0,PC,GPL,MEM,41,1,0,1.4250500202179,NA,4.50085020065308,3.026839972
PC 17:1;0_24:0;0,PC,GPL,MEM,41,1,0,0.2707200050354,NA,NA,3.054339886
PC 18:1;0_23:0;0,PC,GPL,MEM,41,1,0,0.926837980747223,NA,NA,6.356050014
PC 17:0;0_24:2;0,PC,GPL,MEM,41,2,0,NA,NA,NA,0.458718002
PC 17:1;0_24:1;0,PC,GPL,MEM,41,2,0,0.743194997310638,NA,NA,2.420370102
PC 18:1;0_23:1;0,PC,GPL,MEM,41,2,0,2.14440989494324,NA,NA,5.833610058
PC 19:1;0_22:1;0,PC,GPL,MEM,41,2,0,NA,NA,NA,NA
PC 18:0;0_24:1;0,PC,GPL,MEM,42,1,0,5.24417018890381,NA,4.95920991897583,22.83699989
PC 18:1;0_24:0;0,PC,GPL,MEM,42,1,0,11.3396997451782,0.400346011,12.5321998596191,63.30059814
PC 18:0;0_24:2;0,PC,GPL,MEM,42,2,0,2.05114006996155,NA,NA,8.316630363
PC 18:1;0_24:1;0,PC,GPL,MEM,42,2,0,19.7157001495361,0.36581701,16.9323997497559,82.78579712
PC 18:2;0_24:0;0,PC,GPL,MEM,42,2,0,NA,NA,NA,2.993769884
PC 20:1;0_22:1;0,PC,GPL,MEM,42,2,0,0.531885027885437,NA,NA,NA
PC 18:1;0_24:2;0,PC,GPL,MEM,42,3,0,2.85193991661072,NA,NA,6.921390057
PC 18:2;0_24:1;0,PC,GPL,MEM,42,3,0,0.302309989929199,NA,NA,2.378119946
PC 20:1;0_22:2;0,PC,GPL,MEM,42,3,0,NA,NA,NA,NA
PC 20:2;0_22:1;0,PC,GPL,MEM,42,3,0,NA,NA,NA,NA
PC O-16:0;0/16:0;0,PC O-,GPL,MEM,32,0,0,0.520703017711639,0.986748993,8.27350044250488,1.198240042
PC O-17:0;0/15:0;0,PC O-,GPL,MEM,32,0,0,0.732052981853485,1.13180995,13.0120000839233,2.434449911
PC O-18:0;0/14:0;0,PC O-,GPL,MEM,32,0,0,0.0959239974617958,0.143702999,1.00840997695923,0.130281001
PC O-16:0;0/16:1;0,PC O-,GPL,MEM,32,1,0,11.6546001434326,5.086530209,165.966995239258,20.55389977
PC O-16:1;0/16:0;0,PC O-,GPL,MEM,32,1,0,3.80170011520386,1.810600042,62.9171981811523,3.524159908
PC O-17:0;0/15:1;0,PC O-,GPL,MEM,32,1,0,0.177016004920006,0.108654998,2.44831991195679,0.498389006
PC O-17:1;0/15:0;0,PC O-,GPL,MEM,32,1,0,1.67584002017975,1.44333005,23.7283000946045,6.554249763
PC O-18:0;0/14:1;0,PC O-,GPL,MEM,32,1,0,NA,NA,0.51554799079895,0.054184001
PC O-18:1;0/14:0;0,PC O-,GPL,MEM,32,1,0,0.754747986793518,0.202227995,6.58283996582031,0.658299983
PC O-16:0;0/16:2;0,PC O-,GPL,MEM,32,2,0,NA,0.034912501,0.883001983165741,0.344742
PC O-16:1;0/16:1;0,PC O-,GPL,MEM,32,2,0,8.24612045288086,4.680170059,237.67399597168,44.23199844
PC O-16:2;0/16:0;0,PC O-,GPL,MEM,32,2,0,0.534024000167847,0.141094998,9.35682964324951,0.616321027
PC O-17:1;0/15:1;0,PC O-,GPL,MEM,32,2,0,NA,0.0443548,NA,0.184540004
PC O-17:2;0/15:0;0,PC O-,GPL,MEM,32,2,0,NA,NA,NA,0.315521002
PC O-18:1;0/14:1;0,PC O-,GPL,MEM,32,2,0,NA,NA,NA,0.069228798
PC O-18:2;0/14:0;0,PC O-,GPL,MEM,32,2,0,0.108994998037815,0.066011898,2.90806007385254,0.771260977
PC O-16:1;0/16:2;0,PC O-,GPL,MEM,32,3,0,NA,0.111602001,0.810824990272522,0.267841011
PC O-16:2;0/16:1;0,PC O-,GPL,MEM,32,3,0,1.31543004512787,0.399803996,21.9080009460449,1.896029949
PC O-16:0;0/17:0;0,PC O-,GPL,MEM,33,0,0,NA,NA,0.90851902961731,NA
PC O-17:0;0/16:0;0,PC O-,GPL,MEM,33,0,0,NA,0.530216992,8.07400989532471,2.578380108
PC O-18:0;0/15:0;0,PC O-,GPL,MEM,33,0,0,NA,NA,0.401183009147644,0.373681009
PC O-16:0;0/17:1;0,PC O-,GPL,MEM,33,1,0,0.0221030991524458,0.0232662,0.253441989421844,0.141539007
PC O-16:1;0/17:0;0,PC O-,GPL,MEM,33,1,0,0.0139030003920197,0.130597994,0.270069986581802,0.139255002
PC O-17:0;0/16:1;0,PC O-,GPL,MEM,33,1,0,1.96198999881744,0.804804981,20.7450008392334,5.448550224
PC O-17:1;0/16:0;0,PC O-,GPL,MEM,33,1,0,0.868364989757538,0.331910998,8.52863025665283,2.176700115
PC O-18:0;0/15:1;0,PC O-,GPL,MEM,33,1,0,NA,NA,NA,0.00595295
PC O-18:1;0/15:0;0,PC O-,GPL,MEM,33,1,0,0.0217783004045486,0.015316,0.136212006211281,0.114345998
PC O-16:1;0/17:1;0,PC O-,GPL,MEM,33,2,0,0.0927155017852783,0.108925,2.23562002182007,1.027570009
PC O-16:2;0/17:0;0,PC O-,GPL,MEM,33,2,0,0.0218810997903347,0.0131854,0.210317000746727,0.057486001
PC O-17:0;0/16:2;0,PC O-,GPL,MEM,33,2,0,0.0832554996013641,0.0309934,0.799566984176636,0.272624999
PC O-17:1;0/16:1;0,PC O-,GPL,MEM,33,2,0,1.49273002147675,1.044989944,16.8215999603271,8.626850128
PC O-17:2;0/16:0;0,PC O-,GPL,MEM,33,2,0,0.170813992619514,0.052034099,0.854757010936737,0.320944011
PC O-18:2;0/15:0;0,PC O-,GPL,MEM,33,2,0,NA,0.0191973,0.2100840061903,0.466165006
PC O-16:2;0/17:1;0,PC O-,GPL,MEM,33,3,0,2.17753005027771,0.102118,2.57036995887756,0.233135
PC O-17:1;0/16:2;0,PC O-,GPL,MEM,33,3,0,NA,0.0948615,2.36437010765076,0.214892998
PC O-17:2;0/16:1;0,PC O-,GPL,MEM,33,3,0,7.22101020812988,0.353533,16.5133991241455,1.55666995
PC O-16:0;0/18:0;0,PC O-,GPL,MEM,34,0,0,NA,0.046041299,NA,NA
PC O-17:0;0/17:0;0,PC O-,GPL,MEM,34,0,0,NA,0.328586012,NA,NA
PC O-18:0;0/16:0;0,PC O-,GPL,MEM,34,0,0,NA,0.40992099,NA,NA
PC O-16:0;0/18:1;0,PC O-,GPL,MEM,34,1,0,14.2610998153687,3.577860117,107.407997131348,14.36900043
PC O-16:1;0/18:0;0,PC O-,GPL,MEM,34,1,0,NA,NA,NA,NA
PC O-17:0;0/17:1;0,PC O-,GPL,MEM,34,1,0,2.40093994140625,1.018239975,30.3612003326416,4.418749809
PC O-17:1;0/17:0;0,PC O-,GPL,MEM,34,1,0,0.93451201915741,0.52067101,9.63142967224121,2.274569988
PC O-18:0;0/16:1;0,PC O-,GPL,MEM,34,1,0,2.6292200088501,0.991966009,25.7569007873535,4.535160065
PC O-18:1;0/16:0;0,PC O-,GPL,MEM,34,1,0,2.89048004150391,1.019350052,27.8542003631592,2.737030029
PC O-16:0;0/18:2;0,PC O-,GPL,MEM,34,2,0,0.415347009897232,0.0960548,2.87951993942261,1.020990014
PC O-16:1;0/18:1;0,PC O-,GPL,MEM,34,2,0,20.2416000366211,5.076660156,270.045989990234,52.48860168
PC O-16:2;0/18:0;0,PC O-,GPL,MEM,34,2,0,NA,0.063725799,2.97820997238159,NA
PC O-17:0;0/17:2;0,PC O-,GPL,MEM,34,2,0,NA,0.0194479,NA,0.178021997
PC O-17:1;0/17:1;0,PC O-,GPL,MEM,34,2,0,1.0971599817276,0.515932024,5.95567989349365,4.118340015
PC O-17:2;0/17:0;0,PC O-,GPL,MEM,34,2,0,0.314240008592606,0.254711002,1.03294003009796,0.458068997
PC O-18:1;0/16:1;0,PC O-,GPL,MEM,34,2,0,6.78205013275146,1.656049967,47.3119010925293,15.42099953
PC O-18:2;0/16:0;0,PC O-,GPL,MEM,34,2,0,0.996052980422974,0.448235005,9.70946979522705,2.818000078
PC O-16:1;0/18:2;0,PC O-,GPL,MEM,34,3,0,0.148543000221252,0.168310001,2.87819004058838,1.431190014
PC O-16:2;0/18:1;0,PC O-,GPL,MEM,34,3,0,1.84072005748749,0.375063986,25.0352993011475,2.426470041
PC O-17:2;0/17:1;0,PC O-,GPL,MEM,34,3,0,0.0340162999927998,0.072077803,0.231591999530792,0.145972997
PC O-18:1;0/16:2;0,PC O-,GPL,MEM,34,3,0,0.036828301846981,NA,NA,0.089543797
PC O-18:2;0/16:1;0,PC O-,GPL,MEM,34,3,0,1.02768003940582,1.279960036,19.1193008422852,17.29470062
PC O-16:1;0/19:1;0,PC O-,GPL,MEM,35,2,0,NA,0.00504751,NA,0.021617901
PC O-17:0;0/18:2;0,PC O-,GPL,MEM,35,2,0,0.0528625994920731,0.034131199,1.02051997184753,0.34336099
PC O-17:1;0/18:1;0,PC O-,GPL,MEM,35,2,0,1.32125997543335,0.743722975,12.791600227356,6.373010159
PC O-17:2;0/18:0;0,PC O-,GPL,MEM,35,2,0,0.00606823014095426,0.00703971,NA,0.0199847
PC O-18:1;0/17:1;0,PC O-,GPL,MEM,35,2,0,0.0107519999146461,0.0225439,0.189089000225067,0.132990003
PC O-18:2;0/17:0;0,PC O-,GPL,MEM,35,2,0,0.00427014008164406,0.039878801,0.194729000329971,0.093668997
PC O-16:1;0/19:2;0,PC O-,GPL,MEM,35,3,0,NA,NA,NA,0.040329799
PC O-17:0;0/18:3;0,PC O-,GPL,MEM,35,3,0,NA,NA,0.627083003520966,0.090314999000000007
PC O-17:1;0/18:2;0,PC O-,GPL,MEM,35,3,0,1.74167001247406,0.089873701,3.18888998031616,0.807354987
PC O-17:2;0/18:1;0,PC O-,GPL,MEM,35,3,0,5.59465980529785,0.33179,9.55683994293213,2.180799961
PC O-18:2;0/17:1;0,PC O-,GPL,MEM,35,3,0,0.339278012514114,0.100694999,2.24371004104614,1.366809964
PC O-16:0;0/20:1;0,PC O-,GPL,MEM,36,1,0,0.328343987464905,0.191148996,1.23387002944946,0.30280599
PC O-16:1;0/20:0;0,PC O-,GPL,MEM,36,1,0,NA,NA,NA,NA
PC O-17:0;0/19:1;0,PC O-,GPL,MEM,36,1,0,0.239755004644394,0.0236111,0.469628006219864,0.074662603
PC O-17:1;0/19:0;0,PC O-,GPL,MEM,36,1,0,0.0374072007834911,0.00722806,0.114940002560616,0.035644401
PC O-18:0;0/18:1;0,PC O-,GPL,MEM,36,1,0,5.70803022384644,1.220299959,20.8770008087158,3.774849892
PC O-18:1;0/18:0;0,PC O-,GPL,MEM,36,1,0,0.306492000818253,0.171404004,1.69106996059418,0.149344996
PC O-16:0;0/20:2;0,PC O-,GPL,MEM,36,2,0,0.146208003163338,0.0389392,0.852442979812622,0.179471001
PC O-16:1;0/20:1;0,PC O-,GPL,MEM,36,2,0,0.706561028957367,0.263891011,8.7962703704834,1.602859974
PC O-16:2;0/20:0;0,PC O-,GPL,MEM,36,2,0,NA,NA,NA,NA
PC O-17:0;0/19:2;0,PC O-,GPL,MEM,36,2,0,0.049404300749301903,NA,NA,0.074560001
PC O-17:1;0/19:1;0,PC O-,GPL,MEM,36,2,0,0.277498006820679,0.042204998,1.03781998157501,0.377572
PC O-18:0;0/18:2;0,PC O-,GPL,MEM,36,2,0,0.176089003682137,0.056168102,1.08513998985291,0.537880003
PC O-18:1;0/18:1;0,PC O-,GPL,MEM,36,2,0,11.036600112915,1.766690016,56.2509002685547,14.34000015
PC O-18:2;0/18:0;0,PC O-,GPL,MEM,36,2,0,NA,0.083687797,NA,NA
PC O-16:0;0/20:3;0,PC O-,GPL,MEM,36,3,0,0.133313000202179,0.033371601,NA,0.136378005
PC O-16:1;0/20:2;0,PC O-,GPL,MEM,36,3,0,0.41771799325943,0.151884004,2.02944993972778,0.725759029
PC O-16:2;0/20:1;0,PC O-,GPL,MEM,36,3,0,0.157822996377945,0.032906201,1.18078994750977,0.055842999
PC O-18:0;0/18:3;0,PC O-,GPL,MEM,36,3,0,NA,NA,NA,0.049847599
PC O-18:1;0/18:2;0,PC O-,GPL,MEM,36,3,0,0.437633991241455,0.073949099,1.35930001735687,0.726743996
PC O-18:2;0/18:1;0,PC O-,GPL,MEM,36,3,0,9.26688957214355,2.796489954,51.7757987976074,31.18670082
PC O-16:1;0/20:3;0,PC O-,GPL,MEM,36,4,0,0.434626013040543,NA,NA,0.272906989
PC O-16:2;0/20:2;0,PC O-,GPL,MEM,36,4,0,NA,NA,NA,NA
PC O-18:2;0/18:2;0,PC O-,GPL,MEM,36,4,0,0.760644972324371,NA,NA,1.387089968
PC O-17:0;0/20:1;0,PC O-,GPL,MEM,37,1,0,NA,NA,11.6923999786377,3.708709955
PC O-17:1;0/20:0;0,PC O-,GPL,MEM,37,1,0,NA,NA,1.64350998401642,0.562246978
PC O-18:0;0/19:1;0,PC O-,GPL,MEM,37,1,0,NA,NA,NA,0.324961007
PC O-17:0;0/20:2;0,PC O-,GPL,MEM,37,2,0,NA,NA,3.54225993156433,0.848583996
PC O-17:1;0/20:1;0,PC O-,GPL,MEM,37,2,0,NA,NA,13.9126996994019,5.11480999
PC O-18:1;0/19:1;0,PC O-,GPL,MEM,37,2,0,NA,NA,NA,0.249629006
PC O-17:0;0/20:3;0,PC O-,GPL,MEM,37,3,0,NA,NA,4.04543018341064,0.925153017
PC O-17:1;0/20:2;0,PC O-,GPL,MEM,37,3,0,NA,NA,2.03320002555847,0.972136021
PC O-17:2;0/20:1;0,PC O-,GPL,MEM,37,3,0,NA,NA,NA,0.143648997
PC O-18:0;0/19:3;0,PC O-,GPL,MEM,37,3,0,NA,NA,NA,NA
PC O-18:2;0/19:1;0,PC O-,GPL,MEM,37,3,0,NA,NA,NA,0.140487999
PC O-16:0;0/22:0;0,PC O-,GPL,MEM,38,0,0,NA,0.226228997,NA,NA
PC O-18:0;0/20:0;0,PC O-,GPL,MEM,38,0,0,NA,0.520056009,NA,NA
PC O-16:0;0/22:1;0,PC O-,GPL,MEM,38,1,0,0.415324002504349,0.210932001,1.41270995140076,NA
PC O-16:1;0/22:0;0,PC O-,GPL,MEM,38,1,0,NA,NA,NA,NA
PC O-17:0;0/21:1;0,PC O-,GPL,MEM,38,1,0,0.0630519986152649,NA,NA,NA
PC O-18:0;0/20:1;0,PC O-,GPL,MEM,38,1,0,1.12038004398346,0.343320996,4.13768005371094,NA
PC O-18:1;0/20:0;0,PC O-,GPL,MEM,38,1,0,0.0600361004471779,NA,NA,NA
PC O-16:0;0/22:2;0,PC O-,GPL,MEM,38,2,0,0.0990172028541565,NA,NA,0.270034999
PC O-16:1;0/22:1;0,PC O-,GPL,MEM,38,2,0,0.331223011016846,0.0488852,1.86064994335175,0.321368009
PC O-17:1;0/21:1;0,PC O-,GPL,MEM,38,2,0,NA,NA,NA,0.0946704
PC O-18:0;0/20:2;0,PC O-,GPL,MEM,38,2,0,0.320463001728058,0.041062001,1.06789994239807,0.228735
PC O-18:1;0/20:1;0,PC O-,GPL,MEM,38,2,0,1.30208003520966,0.189743996,4.31927013397217,1.164600015
PC O-16:1;0/22:2;0,PC O-,GPL,MEM,38,3,0,0.20770999789238,0.060987499,1.81057000160217,0.420105994
PC O-18:0;0/20:3;0,PC O-,GPL,MEM,38,3,0,0.183100000023842,NA,NA,0.153761998
PC O-18:1;0/20:2;0,PC O-,GPL,MEM,38,3,0,0.443886011838913,0.0406809,0.937770009040833,0.51472801
PC O-18:2;0/20:1;0,PC O-,GPL,MEM,38,3,0,0.446985989809036,0.190158993,2.96303009986877,1.446099997
PC O-16:0;0/24:0;0,PC O-,GPL,MEM,40,0,0,NA,1.066570044,NA,NA
PC O-17:0;0/23:0;0,PC O-,GPL,MEM,40,0,0,NA,NA,NA,NA
PC O-18:0;0/22:0;0,PC O-,GPL,MEM,40,0,0,NA,0.136267006,NA,NA
PC O-16:0;0/24:1;0,PC O-,GPL,MEM,40,1,0,0.39691498875618,0.348167002,1.4386500120163,2.015779972
PC O-16:1;0/24:0;0,PC O-,GPL,MEM,40,1,0,0.225264996290207,0.095895797,3.26152992248535,0.556253016
PC O-18:0;0/22:1;0,PC O-,GPL,MEM,40,1,0,1.08402001857758,0.247355998,0.935434997081757,0.843261003
PC O-18:1;0/22:0;0,PC O-,GPL,MEM,40,1,0,0.0956327989697456,NA,NA,0.172829002
PC O-16:0;0/24:2;0,PC O-,GPL,MEM,40,2,0,NA,NA,NA,0.957302988
PC O-16:1;0/24:1;0,PC O-,GPL,MEM,40,2,0,0.529599010944366,NA,3.04291009902954,1.851539969
PC O-17:1;0/23:1;0,PC O-,GPL,MEM,40,2,0,NA,NA,NA,0.685244977
PC O-18:0;0/22:2;0,PC O-,GPL,MEM,40,2,0,0.350407004356384,NA,NA,0.649735987
PC O-18:1;0/22:1;0,PC O-,GPL,MEM,40,2,0,1.41216003894806,NA,1.68005001544952,3.102519989
PC O-18:0;0/24:0;0,PC O-,GPL,MEM,42,0,0,NA,0.805330992,NA,NA
PC O-18:0;0/24:1;0,PC O-,GPL,MEM,42,1,0,NA,1.114539981,3.02237010002136,1.93599999
PC O-18:1;0/24:0;0,PC O-,GPL,MEM,42,1,0,NA,NA,2.23164010047913,2.476599932
PC O-18:0;0/24:2;0,PC O-,GPL,MEM,42,2,0,NA,NA,NA,0.618865013
PC O-18:1;0/24:1;0,PC O-,GPL,MEM,42,2,0,2.09557008743286,NA,NA,9.030630112
PC O-18:2;0/24:0;0,PC O-,GPL,MEM,42,2,0,NA,NA,NA,0.51821202
PC O-18:2;0/24:1;0,PC O-,GPL,MEM,42,3,0,1.69999003410339,NA,NA,NA
PE 13:0;0_16:0;0,PE,GPL,MEM,29,0,0,NA,NA,NA,NA
PE 14:0;0_15:0;0,PE,GPL,MEM,29,0,0,NA,NA,NA,NA
PE 14:0;0_16:1;0,PE,GPL,MEM,30,1,0,NA,NA,NA,NA
PE 15:1;0_15:1;0,PE,GPL,MEM,30,2,0,0.664273977279663,NA,NA,NA
PE 13:0;0_18:0;0,PE,GPL,MEM,31,0,0,NA,0.0139554,0.330493003129959,0.133665994
PE 14:0;0_17:0;0,PE,GPL,MEM,31,0,0,NA,0.020847101,0.459964007139206,0.118295997
PE 15:0;0_16:0;0,PE,GPL,MEM,31,0,0,NA,0.104369,1.68424999713898,0.642657995
PE 13:0;0_18:1;0,PE,GPL,MEM,31,1,0,0.399511992931366,NA,NA,0.043805402
PE 14:0;0_17:1;0,PE,GPL,MEM,31,1,0,0.0501374006271362,0.0163265,NA,0.077003002
PE 15:0;0_16:1;0,PE,GPL,MEM,31,1,0,0.75196099281311,0.104612999,NA,0.460478991
PE 14:0;0_18:0;0,PE,GPL,MEM,32,0,0,NA,0.073346697,0.891533970832825,0.240585998
PE 15:0;0_17:0;0,PE,GPL,MEM,32,0,0,NA,0.041588198,0.419146001338959,0.342253
PE 16:0;0_16:0;0,PE,GPL,MEM,32,0,0,NA,NA,1.25404000282288,0.346399993
PE 14:0;0_18:1;0,PE,GPL,MEM,32,1,0,3.96288990974426,0.179835007,6.0833101272583,0.864090979
PE 14:1;0_18:0;0,PE,GPL,MEM,32,1,0,NA,NA,0.499309003353119,0.238071993
PE 15:0;0_17:1;0,PE,GPL,MEM,32,1,0,0.316637992858887,0.0910808,2.04759001731873,0.802805007
PE 16:0;0_16:1;0,PE,GPL,MEM,32,1,0,7.60801982879639,1.012410045,34.6780014038086,4.923500061
PE 14:1;0_18:1;0,PE,GPL,MEM,32,2,0,10.0333003997803,NA,NA,0.123544
PE 15:1;0_17:1;0,PE,GPL,MEM,32,2,0,NA,NA,NA,0.626614988
PE 16:1;0_16:1;0,PE,GPL,MEM,32,2,0,23.0683002471924,0.400314003,63.5036010742188,1.004410028
PE 16:0;0_17:0;0,PE,GPL,MEM,33,0,0,NA,NA,3.0676600933075,0.682317019
PE 13:0;0_20:1;0,PE,GPL,MEM,33,1,0,0.048257801681757,NA,NA,NA
PE 15:0;0_18:1;0,PE,GPL,MEM,33,1,0,3.80011010169983,0.053881701,3.95996999740601,2.614660025
PE 16:0;0_17:1;0,PE,GPL,MEM,33,1,0,0.522026002407074,0.032892399,1.54486000537872,0.884558022
PE 16:1;0_17:0;0,PE,GPL,MEM,33,1,0,0.966795980930328,0.036198299,2.72582006454468,1.809649944
PE 16:1;0_17:1;0,PE,GPL,MEM,33,2,0,2.28559994697571,0.380436003,3.32975006103516,2.480730057
PE 14:0;0_20:1;0,PE,GPL,MEM,34,1,0,0.646749973297119,NA,NA,NA
PE 15:0;0_19:1;0,PE,GPL,MEM,34,1,0,NA,NA,NA,NA
PE 16:0;0_18:1;0,PE,GPL,MEM,34,1,0,44.0094985961914,2.690550089,71.2030029296875,13.28829956
PE 16:1;0_18:0;0,PE,GPL,MEM,34,1,0,19.5337009429932,1.506669998,50.5825996398926,9.878290176
PE 17:0;0_17:1;0,PE,GPL,MEM,34,1,0,0.883336007595062,0.158645004,2.1433699131012,0.864937007
PE 15:1;0_19:1;0,PE,GPL,MEM,34,2,0,NA,NA,NA,NA
PE 16:0;0_18:2;0,PE,GPL,MEM,34,2,0,1.11099994182587,NA,2.23499989509583,0.585772991
PE 16:1;0_18:1;0,PE,GPL,MEM,34,2,0,116.817001342773,4.987609863,124.398002624512,29.66220093
PE 16:2;0_18:0;0,PE,GPL,MEM,34,2,0,0.259189009666443,NA,NA,0.25277099
PE 17:1;0_17:1;0,PE,GPL,MEM,34,2,0,1.34742999076843,0.201945007,3.85596990585327,0.941888988
PE 16:1;0_18:2;0,PE,GPL,MEM,34,3,0,0.785947024822235,NA,NA,NA
PE 16:2;0_18:1;0,PE,GPL,MEM,34,3,0,0.981600999832153,NA,NA,NA
PE 16:0;0_19:0;0,PE,GPL,MEM,35,0,0,NA,NA,NA,NA
PE 17:0;0_18:0;0,PE,GPL,MEM,35,0,0,NA,0.253324002,NA,1.098180056
PE 15:0;0_20:1;0,PE,GPL,MEM,35,1,0,1.40735995769501,0.120930001,2.63933992385864,1.259940028
PE 16:0;0_19:1;0,PE,GPL,MEM,35,1,0,2.55260992050171,NA,NA,0.629235983
PE 16:1;0_19:0;0,PE,GPL,MEM,35,1,0,0.467483997344971,0.089071497,NA,1.038990021
PE 17:0;0_18:1;0,PE,GPL,MEM,35,1,0,8.20042037963867,0.79736501,12.8802003860474,5.018539906
PE 15:0;0_20:2;0,PE,GPL,MEM,35,2,0,NA,0.0154458,0.152701005339622,0.088071503
PE 16:1;0_19:1;0,PE,GPL,MEM,35,2,0,0.404013007879257,0.066469699,NA,0.556496024
PE 17:0;0_18:2;0,PE,GPL,MEM,35,2,0,0.0785764008760452,0.0247883,NA,0.174113005
PE 17:1;0_18:1;0,PE,GPL,MEM,35,2,0,13.9806003570557,1.145519972,9.76140022277832,4.898580074
PE 17:1;0_18:2;0,PE,GPL,MEM,35,3,0,0.725219011306763,NA,NA,NA
PE 16:0;0_20:1;0,PE,GPL,MEM,36,1,0,6.93522977828979,0.332051992,13.9868001937866,2.730350018
PE 16:1;0_20:0;0,PE,GPL,MEM,36,1,0,NA,NA,NA,1.112200022
PE 17:0;0_19:1;0,PE,GPL,MEM,36,1,0,NA,0.050895199,NA,0.120872997
PE 18:0;0_18:1;0,PE,GPL,MEM,36,1,0,68.6594009399414,2.528019905,56.7046012878418,11.47889996
PE 16:0;0_20:2;0,PE,GPL,MEM,36,2,0,1.32670998573303,0.450439006,3.47181010246277,0.55626899
PE 16:1;0_20:1;0,PE,GPL,MEM,36,2,0,12.5103998184204,0.772632003,19.959400177002,7.85668993
PE 17:1;0_19:1;0,PE,GPL,MEM,36,2,0,0.788833975791931,0.359649003,NA,NA
PE 18:0;0_18:2;0,PE,GPL,MEM,36,2,0,3.15861010551453,0.174409002,2.23770999908447,0.730785012
PE 18:1;0_18:1;0,PE,GPL,MEM,36,2,0,353.730010986328,11.42370033,178.518005371094,54.99599838
PE 16:0;0_20:3;0,PE,GPL,MEM,36,3,0,1.17095005512238,NA,NA,NA
PE 16:1;0_20:2;0,PE,GPL,MEM,36,3,0,1.45079004764557,0.101012997,1.802649974823,0.760111988
PE 17:1;0_19:2;0,PE,GPL,MEM,36,3,0,0.131891995668411,NA,NA,0.285724014
PE 18:0;0_18:3;0,PE,GPL,MEM,36,3,0,0.234314993023872,NA,NA,NA
PE 18:1;0_18:2;0,PE,GPL,MEM,36,3,0,13.1428003311157,0.350086987,2.2164900302887,1.385689974
PE 16:1;0_20:3;0,PE,GPL,MEM,36,4,0,0.376020014286041,NA,NA,NA
PE 18:1;0_18:3;0,PE,GPL,MEM,36,4,0,0.60003399848938,NA,NA,NA
PE 18:2;0_18:2;0,PE,GPL,MEM,36,4,0,0.0878278985619545,NA,NA,NA
PE 15:0;0_22:1;0,PE,GPL,MEM,37,1,0,0.199079006910324,0.00946946,0.205889999866486,0.176792994
PE 16:1;0_21:0;0,PE,GPL,MEM,37,1,0,NA,NA,NA,NA
PE 17:0;0_20:1;0,PE,GPL,MEM,37,1,0,1.035640001297,0.061735898,0.847783029079437,0.548799992
PE 18:0;0_19:1;0,PE,GPL,MEM,37,1,0,1.20476996898651,0.0477277,1.36136996746063,0.131368995
PE 18:1;0_19:0;0,PE,GPL,MEM,37,1,0,2.11459994316101,0.130440995,NA,1.324569941
PE 15:0;0_22:2;0,PE,GPL,MEM,37,2,0,0.0726919025182724,NA,NA,0.375559986
PE 16:1;0_21:1;0,PE,GPL,MEM,37,2,0,NA,NA,NA,NA
PE 17:0;0_20:2;0,PE,GPL,MEM,37,2,0,0.199570000171661,0.039947301,NA,0.119138002
PE 17:1;0_20:1;0,PE,GPL,MEM,37,2,0,2.32279992103577,0.129161,NA,0.545365989
PE 18:0;0_19:2;0,PE,GPL,MEM,37,2,0,0.125366002321243,NA,NA,NA
PE 18:1;0_19:1;0,PE,GPL,MEM,37,2,0,3.69271993637085,0.154502004,NA,0.873081028
PE 17:0;0_20:3;0,PE,GPL,MEM,37,3,0,0.117076002061367,NA,NA,NA
PE 17:1;0_20:2;0,PE,GPL,MEM,37,3,0,0.521595001220703,NA,NA,NA
PE 18:0;0_19:3;0,PE,GPL,MEM,37,3,0,0.0716878026723862,NA,NA,NA
PE 18:1;0_19:2;0,PE,GPL,MEM,37,3,0,0.77265602350235,NA,NA,NA
PE 18:2;0_19:1;0,PE,GPL,MEM,37,3,0,0.0576806999742985,NA,NA,NA
PE 16:0;0_22:1;0,PE,GPL,MEM,38,1,0,0.434798002243042,NA,0.56469601392746,0.202952996
PE 16:1;0_22:0;0,PE,GPL,MEM,38,1,0,0.609821021556854,NA,NA,0.701103985
PE 17:0;0_21:1;0,PE,GPL,MEM,38,1,0,NA,NA,NA,NA
PE 18:0;0_20:1;0,PE,GPL,MEM,38,1,0,3.85314011573792,0.075704403,1.588250041008,0.384952992
PE 18:1;0_20:0;0,PE,GPL,MEM,38,1,0,5.62201976776123,0.199697003,5.19928979873657,1.398010015
PE 16:0;0_22:2;0,PE,GPL,MEM,38,2,0,0.450165987014771,NA,3.54986000061035,NA
PE 16:1;0_22:1;0,PE,GPL,MEM,38,2,0,3.23859000205994,0.121552996,4.80108976364136,2.179450035
PE 17:1;0_21:1;0,PE,GPL,MEM,38,2,0,0.224164992570877,NA,NA,NA
PE 18:0;0_20:2;0,PE,GPL,MEM,38,2,0,5.28942012786865,0.228430003,NA,0.216022998
PE 18:1;0_20:1;0,PE,GPL,MEM,38,2,0,49.4012985229492,1.333680034,20.5998001098633,10.80010033
PE 19:1;0_19:1;0,PE,GPL,MEM,38,2,0,0.0648840963840485,NA,NA,0.061627701
PE 16:0;0_22:3;0,PE,GPL,MEM,38,3,0,NA,NA,NA,NA
PE 16:1;0_22:2;0,PE,GPL,MEM,38,3,0,1.02901005744934,0.185170993,NA,0.905704021
PE 18:0;0_20:3;0,PE,GPL,MEM,38,3,0,3.80007004737854,0.064241298,NA,0.0638538
PE 18:1;0_20:2;0,PE,GPL,MEM,38,3,0,12.1121997833252,0.162897006,2.42768001556396,0.380870998
PE 18:2;0_20:1;0,PE,GPL,MEM,38,3,0,1.23064994812012,0.0276131,0.193856000900269,0.115185998
PE 16:1;0_22:3;0,PE,GPL,MEM,38,4,0,1.1797000169754,NA,NA,NA
PE 18:1;0_20:3;0,PE,GPL,MEM,38,4,0,6.04169988632202,0.178781003,NA,NA
PE 18:2;0_20:2;0,PE,GPL,MEM,38,4,0,0.141228005290031,NA,NA,NA
PE 18:3;0_20:1;0,PE,GPL,MEM,38,4,0,NA,NA,NA,NA
PE 15:0;0_24:1;0,PE,GPL,MEM,39,1,0,0.0441005006432533,NA,NA,0.175849006
PE 17:0;0_22:1;0,PE,GPL,MEM,39,1,0,0.162095993757248,NA,NA,0.179082006
PE 17:1;0_22:0;0,PE,GPL,MEM,39,1,0,NA,NA,NA,NA
PE 18:0;0_21:1;0,PE,GPL,MEM,39,1,0,NA,NA,NA,NA
PE 18:1;0_21:0;0,PE,GPL,MEM,39,1,0,0.512350022792816,NA,NA,NA
PE 19:0;0_20:1;0,PE,GPL,MEM,39,1,0,0.113481000065804,NA,NA,0.080179997
PE 19:1;0_20:0;0,PE,GPL,MEM,39,1,0,NA,NA,NA,NA
PE 17:0;0_22:2;0,PE,GPL,MEM,39,2,0,0.0917576998472214,NA,NA,NA
PE 17:1;0_22:1;0,PE,GPL,MEM,39,2,0,0.446747004985809,NA,NA,NA
PE 18:0;0_21:2;0,PE,GPL,MEM,39,2,0,NA,NA,NA,NA
PE 18:1;0_21:1;0,PE,GPL,MEM,39,2,0,0.970701992511749,NA,NA,NA
PE 19:0;0_20:2;0,PE,GPL,MEM,39,2,0,NA,NA,NA,NA
PE 19:1;0_20:1;0,PE,GPL,MEM,39,2,0,0.333604991436005,NA,NA,NA
PE 17:1;0_22:2;0,PE,GPL,MEM,39,3,0,0.553964972496033,0.262663007,NA,NA
PE 19:1;0_20:2;0,PE,GPL,MEM,39,3,0,0.132122993469238,NA,NA,NA
PE 19:2;0_20:1;0,PE,GPL,MEM,39,3,0,0.139699995517731,NA,NA,NA
PE 16:0;0_24:1;0,PE,GPL,MEM,40,1,0,0.277758985757828,NA,0.649363994598389,0.194944993
PE 16:1;0_24:0;0,PE,GPL,MEM,40,1,0,1.24089002609253,NA,7.39066982269287,5.740709782
PE 18:0;0_22:1;0,PE,GPL,MEM,40,1,0,NA,NA,NA,NA
PE 18:1;0_22:0;0,PE,GPL,MEM,40,1,0,2.21788001060486,NA,NA,0.821713984
PE 20:0;0_20:1;0,PE,GPL,MEM,40,1,0,0.443814992904663,NA,NA,0.068117902
PE 16:1;0_24:1;0,PE,GPL,MEM,40,2,0,1.53652000427246,NA,NA,3.967190027
PE 18:0;0_22:2;0,PE,GPL,MEM,40,2,0,0.784834027290344,NA,NA,NA
PE 18:1;0_22:1;0,PE,GPL,MEM,40,2,0,7.9142599105835,0.163631007,3.76437997817993,3.459470034
PE 20:1;0_20:1;0,PE,GPL,MEM,40,2,0,1.88118994235992,0.021085501,0.247243002057076,0.449799001
PE 16:1;0_24:2;0,PE,GPL,MEM,40,3,0,0.897553980350494,NA,NA,0.213427007
PE 18:0;0_22:3;0,PE,GPL,MEM,40,3,0,0.234885007143021,NA,NA,NA
PE 18:1;0_22:2;0,PE,GPL,MEM,40,3,0,2.3110499382019,NA,NA,0.849448979
PE 18:2;0_22:1;0,PE,GPL,MEM,40,3,0,0.0978282019495964,NA,NA,0.024186401
PE 20:1;0_20:2;0,PE,GPL,MEM,40,3,0,0.374421000480652,NA,NA,0.0350492
PE 18:1;0_22:3;0,PE,GPL,MEM,40,4,0,1.20803999900818,NA,NA,NA
PE 20:1;0_20:3;0,PE,GPL,MEM,40,4,0,0.102342002093792,NA,NA,NA
PE 20:2;0_20:2;0,PE,GPL,MEM,40,4,0,0.0115892002359033,NA,NA,NA
PE 17:1;0_24:1;0,PE,GPL,MEM,41,2,0,NA,NA,NA,0.708778024
PE 19:1;0_22:1;0,PE,GPL,MEM,41,2,0,NA,NA,NA,NA
PE 17:1;0_24:2;0,PE,GPL,MEM,41,3,0,NA,NA,NA,NA
PE 18:0;0_24:1;0,PE,GPL,MEM,42,1,0,NA,NA,NA,NA
PE 18:1;0_24:0;0,PE,GPL,MEM,42,1,0,2.28515005111694,NA,4.69028997421265,8.516989708
PE 20:1;0_22:0;0,PE,GPL,MEM,42,1,0,0.0777129977941513,NA,NA,0.039188702
PE 18:0;0_24:2;0,PE,GPL,MEM,42,2,0,0.384629994630814,NA,NA,0.243282005
PE 18:1;0_24:1;0,PE,GPL,MEM,42,2,0,3.03162002563477,NA,NA,7.342339993
PE 18:2;0_24:0;0,PE,GPL,MEM,42,2,0,NA,NA,NA,0.941016972
PE 20:1;0_22:1;0,PE,GPL,MEM,42,2,0,0.344323009252548,NA,NA,0.264214009
PE 18:1;0_24:2;0,PE,GPL,MEM,42,3,0,0.690648019313812,NA,NA,1.20114994
PE 18:2;0_24:1;0,PE,GPL,MEM,42,3,0,0.0113158002495766,NA,NA,0.089423403
PE 20:1;0_22:2;0,PE,GPL,MEM,42,3,0,0.0201821997761726,NA,NA,0.065231897
PE 20:2;0_22:1;0,PE,GPL,MEM,42,3,0,0.00726837012916803,NA,NA,NA
PE 20:1;0_24:1;0,PE,GPL,MEM,44,2,0,0.846817970275879,NA,NA,3.858409882
PE 24:0;0_24:0;0,PE,GPL,MEM,48,0,0,NA,NA,NA,NA
PE 24:1;0_24:1;0,PE,GPL,MEM,48,2,0,NA,NA,NA,NA
PE O-16:0;0/14:0;0,PE O-,GPL,MEM,30,0,0,NA,NA,NA,NA
PE O-17:0;0/13:0;0,PE O-,GPL,MEM,30,0,0,NA,NA,NA,NA
PE O-16:1;0/14:0;0,PE O-,GPL,MEM,30,1,0,1.18083000183105,0.252801001,5.7611198425293,1.085299969
PE O-16:1;0/14:1;0,PE O-,GPL,MEM,30,2,0,NA,NA,1.53490996360779,NA
PE O-16:1;0/15:0;0,PE O-,GPL,MEM,31,1,0,NA,0.091222502,2.30310010910034,1.157739997
PE O-17:1;0/14:0;0,PE O-,GPL,MEM,31,1,0,NA,0.0169247,0.356777995824814,0.105501004
PE O-18:1;0/13:0;0,PE O-,GPL,MEM,31,1,0,NA,0.0117021,0.0848544016480446,0.103528999
PE O-16:1;0/15:1;0,PE O-,GPL,MEM,31,2,0,NA,NA,NA,NA
PE O-16:0;0/16:1;0,PE O-,GPL,MEM,32,1,0,1.55949997901917,0.140047997,6.09877014160156,0.869152009
PE O-16:1;0/16:0;0,PE O-,GPL,MEM,32,1,0,NA,0.155913994,3.90630006790161,0.550489008
PE O-17:1;0/15:0;0,PE O-,GPL,MEM,32,1,0,0.0688574016094208,0.029568,0.331651985645294,0.229592994
PE O-18:0;0/14:1;0,PE O-,GPL,MEM,32,1,0,NA,NA,NA,NA
PE O-18:1;0/14:0;0,PE O-,GPL,MEM,32,1,0,0.0672777965664864,0.019200999,0.858600974082947,0.159401
PE O-16:1;0/16:1;0,PE O-,GPL,MEM,32,2,0,41.7071990966797,3.866889954,188.828994750977,27.57690048
PE O-18:1;0/14:1;0,PE O-,GPL,MEM,32,2,0,0.0359728001058102,0.00512092,NA,0.115154997
PE O-18:2;0/14:0;0,PE O-,GPL,MEM,32,2,0,0.0995320975780487,0.022295401,0.851149022579193,0.21449300600000001
PE O-16:1;0/16:2;0,PE O-,GPL,MEM,32,3,0,6.84626007080078,0.115290001,13.5431003570557,0.410133004
PE O-16:2;0/16:1;0,PE O-,GPL,MEM,32,3,0,8.09023952484131,0.180849999,21.3062000274658,0.557101011
PE O-18:2;0/14:1;0,PE O-,GPL,MEM,32,3,0,0.90030300617218,NA,NA,0.164740995
PE O-16:0;0/17:1;0,PE O-,GPL,MEM,33,1,0,0.0243024006485939,0.00700255,0.101975999772549,0.032712702
PE O-16:1;0/17:0;0,PE O-,GPL,MEM,33,1,0,0.223662003874779,0.045738701,0.90081000328064,0.314332992
PE O-17:0;0/16:1;0,PE O-,GPL,MEM,33,1,0,1.10232996940613,0.188810006,4.1909499168396,1.187029958
PE O-17:1;0/16:0;0,PE O-,GPL,MEM,33,1,0,0.403910011053085,0.079960503,1.56067001819611,0.456306994
PE O-18:1;0/15:0;0,PE O-,GPL,MEM,33,1,0,0.0383857004344463,0.017177099,0.237633004784584,0.235242993
PE O-16:1;0/17:1;0,PE O-,GPL,MEM,33,2,0,2.62579989433289,0.297410011,9.54366970062256,1.791919947
PE O-16:2;0/17:0;0,PE O-,GPL,MEM,33,2,0,NA,NA,NA,NA
PE O-17:1;0/16:1;0,PE O-,GPL,MEM,33,2,0,3.0581998825073202,0.480527997,9.34189033508301,2.936300039
PE O-17:2;0/16:0;0,PE O-,GPL,MEM,33,2,0,0.234070003032684,0.143856004,0.543256998062134,0.332955986
PE O-18:1;0/15:1;0,PE O-,GPL,MEM,33,2,0,NA,NA,NA,0.039926998
PE O-18:2;0/15:0;0,PE O-,GPL,MEM,33,2,0,0.179168999195099,0.034108602,0.839980006217957,0.734430015
PE O-16:0;0/18:1;0,PE O-,GPL,MEM,34,1,0,2.55020999908447,0.137507007,4.29157018661499,0.514984012
PE O-17:0;0/17:1;0,PE O-,GPL,MEM,34,1,0,0.195576995611191,0.050872799,0.608380973339081,0.139451995
PE O-17:1;0/17:0;0,PE O-,GPL,MEM,34,1,0,0.139743998646736,0.031903401,0.37491700053215,0.116442002
PE O-18:0;0/16:1;0,PE O-,GPL,MEM,34,1,0,0.645344018936157,0.096626401,3.08713006973267,0.565312982
PE O-18:1;0/16:0;0,PE O-,GPL,MEM,34,1,0,0.228336006402969,0.065918498,1.35372996330261,0.193790004
PE O-16:0;0/18:2;0,PE O-,GPL,MEM,34,2,0,0.193235993385315,0.0217668,NA,0.098395102
PE O-16:1;0/18:1;0,PE O-,GPL,MEM,34,2,0,148.307006835938,7.70277977,304.136993408203,28.02260017
PE O-16:2;0/18:0;0,PE O-,GPL,MEM,34,2,0,NA,0.0580833,0.362325996160507,0.160697997
PE O-17:1;0/17:1;0,PE O-,GPL,MEM,34,2,0,0.696401000022888,0.158649996,1.18315005302429,0.603805006
PE O-18:1;0/16:1;0,PE O-,GPL,MEM,34,2,0,16.8031005859375,1.810979962,61.6999015808105,11.14249992
PE O-18:2;0/16:0;0,PE O-,GPL,MEM,34,2,0,1.05581998825073,0.184718996,5.61365985870361,1.347270012
PE O-16:1;0/18:2;0,PE O-,GPL,MEM,34,3,0,5.70262002944946,0.339464992,9.2632999420166,1.346709967
PE O-16:2;0/18:1;0,PE O-,GPL,MEM,34,3,0,2.45163011550903,0.081497297,2.55341005325317,0.346653998
PE O-18:1;0/16:2;0,PE O-,GPL,MEM,34,3,0,0.178880006074905,NA,0.287838995456696,0.081222303
PE O-18:2;0/16:1;0,PE O-,GPL,MEM,34,3,0,24.8714008331299,2.178950071,58.0726013183594,18.26819992
PE O-16:1;0/18:3;0,PE O-,GPL,MEM,34,4,0,0.591446995735168,NA,NA,NA
PE O-18:2;0/16:2;0,PE O-,GPL,MEM,34,4,0,0.62098902463913,NA,NA,NA
PE O-16:0;0/19:1;0,PE O-,GPL,MEM,35,1,0,NA,NA,NA,NA
PE O-17:0;0/18:1;0,PE O-,GPL,MEM,35,1,0,NA,0.121955,2.66602993011475,0.653033972
PE O-17:1;0/18:0;0,PE O-,GPL,MEM,35,1,0,NA,0.0205981,0.346358001232147,0.104304999
PE O-18:0;0/17:1;0,PE O-,GPL,MEM,35,1,0,NA,0.002598,0.0338312983512878,0.017896
PE O-18:1;0/17:0;0,PE O-,GPL,MEM,35,1,0,NA,0.0080693,0.0944788977503777,0.051030699
PE O-16:1;0/19:1;0,PE O-,GPL,MEM,35,2,0,0.152693003416061,0.0243575,0.391189008951187,0.041754
PE O-17:0;0/18:2;0,PE O-,GPL,MEM,35,2,0,0.143241003155708,0.0227884,0.383780002593994,0.105122998
PE O-17:1;0/18:1;0,PE O-,GPL,MEM,35,2,0,11.2065000534058,1.058390021,17.5788993835449,5.164420128
PE O-17:2;0/18:0;0,PE O-,GPL,MEM,35,2,0,0.0291648004204035,0.046051901,NA,0.0840616
PE O-18:1;0/17:1;0,PE O-,GPL,MEM,35,2,0,0.291330009698868,0.093468599,1.21398997306824,0.399408996
PE O-18:2;0/17:0;0,PE O-,GPL,MEM,35,2,0,0.13570499420166,0.056235299,0.704663991928101,0.454073995
PE O-16:1;0/19:2;0,PE O-,GPL,MEM,35,3,0,0.140511006116867,0.0248379,NA,0.032368202
PE O-17:1;0/18:2;0,PE O-,GPL,MEM,35,3,0,0.453321009874344,0.059626199,0.646264016628265,0.296162993
PE O-17:2;0/18:1;0,PE O-,GPL,MEM,35,3,0,0.750167012214661,0.064326704,0.950043022632599,0.210773006
PE O-18:2;0/17:1;0,PE O-,GPL,MEM,35,3,0,1.42732000350952,0.250652999,3.1727499961853,1.737679958
PE O-16:0;0/20:1;0,PE O-,GPL,MEM,36,1,0,0.399004995822906,0.016096,0.563982009887695,0.051609799
PE O-17:0;0/19:1;0,PE O-,GPL,MEM,36,1,0,0.0322749987244606,NA,NA,0.00608174
PE O-17:1;0/19:0;0,PE O-,GPL,MEM,36,1,0,0.015956100076437,0.00290496,NA,0.00916893
PE O-18:0;0/18:1;0,PE O-,GPL,MEM,36,1,0,2.54542994499207,0.150902003,5.29890012741089,0.745078981
PE O-16:0;0/20:2;0,PE O-,GPL,MEM,36,2,0,0.420331001281738,0.0256625,0.267066985368729,0.057705201
PE O-16:1;0/20:1;0,PE O-,GPL,MEM,36,2,0,14.5306997299194,0.913304985,22.2276992797852,2.078670025
PE O-16:2;0/20:0;0,PE O-,GPL,MEM,36,2,0,NA,NA,NA,0.026018601
PE O-17:1;0/19:1;0,PE O-,GPL,MEM,36,2,0,0.281417012214661,0.0268532,NA,0.121472999
PE O-18:0;0/18:2;0,PE O-,GPL,MEM,36,2,0,0.221229001879692,0.017119501,NA,0.344069988
PE O-18:1;0/18:1;0,PE O-,GPL,MEM,36,2,0,42.7975997924805,2.531419992,68.7590026855469,8.631030083
PE O-16:0;0/20:3;0,PE O-,GPL,MEM,36,3,0,0.121496997773647,NA,NA,NA
PE O-16:1;0/20:2;0,PE O-,GPL,MEM,36,3,0,5.52288007736206,0.352712005,6.12860012054443,0.738523006
PE O-16:2;0/20:1;0,PE O-,GPL,MEM,36,3,0,0.195161998271942,NA,NA,0.037914898
PE O-18:1;0/18:2;0,PE O-,GPL,MEM,36,3,0,2.20245003700256,0.162283003,2.60994005203247,0.843008995
PE O-18:2;0/18:1;0,PE O-,GPL,MEM,36,3,0,97.5913009643555,4.929850101,104.924003601074,20.55260086
PE O-16:1;0/20:3;0,PE O-,GPL,MEM,36,4,0,3.08061003684998,0.204027995,2.16671991348267,0.26236999
PE O-16:2;0/20:2;0,PE O-,GPL,MEM,36,4,0,0.135916993021965,NA,NA,NA
PE O-18:1;0/18:3;0,PE O-,GPL,MEM,36,4,0,0.174217998981476,NA,NA,NA
PE O-18:2;0/18:2;0,PE O-,GPL,MEM,36,4,0,3.42451000213623,0.244181007,3.28543996810913,0.977250993
PE O-16:1;0/21:1;0,PE O-,GPL,MEM,37,2,0,NA,NA,NA,NA
PE O-17:0;0/20:2;0,PE O-,GPL,MEM,37,2,0,0.147229999303818,0.026375201,0.420242011547089,0.046906602
PE O-17:1;0/20:1;0,PE O-,GPL,MEM,37,2,0,0.723671972751617,0.217775002,2.92362999916077,0.68384999
PE O-18:1;0/19:1;0,PE O-,GPL,MEM,37,2,0,0.0595319010317326,0.022960501,NA,NA
PE O-16:1;0/21:2;0,PE O-,GPL,MEM,37,3,0,NA,NA,NA,NA
PE O-17:0;0/20:3;0,PE O-,GPL,MEM,37,3,0,0.301503002643585,NA,NA,NA
PE O-17:1;0/20:2;0,PE O-,GPL,MEM,37,3,0,0.561284005641937,0.0966333,NA,NA
PE O-17:2;0/20:1;0,PE O-,GPL,MEM,37,3,0,0.0548004992306232,NA,NA,NA
PE O-18:1;0/19:2;0,PE O-,GPL,MEM,37,3,0,0.0613364018499851,NA,NA,NA
PE O-18:2;0/19:1;0,PE O-,GPL,MEM,37,3,0,0.198722004890442,0.0408548,NA,NA
PE O-16:0;0/22:1;0,PE O-,GPL,MEM,38,1,0,0.652661979198456,NA,1.21774005889893,NA
PE O-17:1;0/21:0;0,PE O-,GPL,MEM,38,1,0,NA,NA,NA,NA
PE O-18:0;0/20:1;0,PE O-,GPL,MEM,38,1,0,2.63165998458862,NA,4.36919021606445,NA
PE O-16:0;0/22:2;0,PE O-,GPL,MEM,38,2,0,0.188640996813774,NA,0.366046011447906,0.090939
PE O-16:1;0/22:1;0,PE O-,GPL,MEM,38,2,0,2.62502002716064,0.180549994,3.68626999855042,0.892022014
PE O-17:1;0/21:1;0,PE O-,GPL,MEM,38,2,0,NA,NA,NA,NA
PE O-18:0;0/20:2;0,PE O-,GPL,MEM,38,2,0,0.483621001243591,0.016088899,0.197144001722336,0.132385999
PE O-18:1;0/20:1;0,PE O-,GPL,MEM,38,2,0,6.74858999252319,0.358498007,4.46935987472534,1.050189972
PE O-18:2;0/20:0;0,PE O-,GPL,MEM,38,2,0,NA,NA,NA,NA
PE O-16:0;0/22:3;0,PE O-,GPL,MEM,38,3,0,NA,NA,NA,NA
PE O-16:1;0/22:2;0,PE O-,GPL,MEM,38,3,0,2.82454991340637,0.255502999,8.36172008514404,1.818120003
PE O-16:2;0/22:1;0,PE O-,GPL,MEM,38,3,0,0.0756966024637222,NA,NA,NA
PE O-18:0;0/20:3;0,PE O-,GPL,MEM,38,3,0,0.27708300948143,NA,NA,NA
PE O-18:1;0/20:2;0,PE O-,GPL,MEM,38,3,0,2.85932993888855,0.142517,1.85897994041443,0.853689015
PE O-18:2;0/20:1;0,PE O-,GPL,MEM,38,3,0,6.58894014358521,0.440178007,6.51132011413574,2.480730057
PE O-16:1;0/22:3;0,PE O-,GPL,MEM,38,4,0,0.684188008308411,0.064484201,1.05342996120453,0.214855
PE O-18:1;0/20:3;0,PE O-,GPL,MEM,38,4,0,1.53322005271912,0.0888303,0.55246102809906,0.184364006
PE O-18:2;0/20:2;0,PE O-,GPL,MEM,38,4,0,2.92754006385803,0.158893004,1.17850995063782,0.375339001
PE O-18:2;0/20:3;0,PE O-,GPL,MEM,38,5,0,1.77891004085541,NA,NA,NA
PE O-16:0;0/24:1;0,PE O-,GPL,MEM,40,1,0,0.154598996043205,NA,NA,NA
PE O-16:1;0/24:0;0,PE O-,GPL,MEM,40,1,0,NA,NA,3.1049599647522,NA
PE O-17:0;0/23:1;0,PE O-,GPL,MEM,40,1,0,NA,NA,NA,NA
PE O-18:0;0/22:1;0,PE O-,GPL,MEM,40,1,0,0.713518023490906,NA,NA,NA
PE O-16:1;0/24:1;0,PE O-,GPL,MEM,40,2,0,0.354860007762909,NA,NA,0.671971977
PE O-16:2;0/24:0;0,PE O-,GPL,MEM,40,2,0,0.11795099824667,NA,NA,NA
PE O-18:0;0/22:2;0,PE O-,GPL,MEM,40,2,0,0.223186001181602,NA,NA,NA
PE O-18:1;0/22:1;0,PE O-,GPL,MEM,40,2,0,1.4688800573349,NA,NA,1.692960024
PE O-16:1;0/24:2;0,PE O-,GPL,MEM,40,3,0,0.854745984077454,NA,1.6931699514389,6.451640129
PE O-16:2;0/24:1;0,PE O-,GPL,MEM,40,3,0,0.225920006632805,NA,NA,NA
PE O-18:1;0/22:2;0,PE O-,GPL,MEM,40,3,0,3.09180998802185,0.166976005,3.93218994140625,4.491630077
PE O-18:2;0/22:1;0,PE O-,GPL,MEM,40,3,0,2.55131006240845,0.110427,3.45182991027832,2.924190044
PE O-16:1;0/24:3;0,PE O-,GPL,MEM,40,4,0,0.209641993045807,NA,NA,NA
PE O-18:1;0/22:3;0,PE O-,GPL,MEM,40,4,0,0.39291900396347,NA,NA,NA
PE O-18:2;0/22:2;0,PE O-,GPL,MEM,40,4,0,0.883078992366791,NA,NA,NA
PE O-18:1;0/24:2;0,PE O-,GPL,MEM,42,3,0,1.0495799779892,NA,NA,8.75387001
PE O-18:2;0/24:1;0,PE O-,GPL,MEM,42,3,0,2.4985499382019,NA,NA,NA
PG 14:0;0_18:1;0,PG,GPL,MEM,32,1,0,NA,NA,NA,NA
PG 14:1;0_18:0;0,PG,GPL,MEM,32,1,0,NA,NA,NA,NA
PG 16:0;0_16:1;0,PG,GPL,MEM,32,1,0,NA,NA,NA,NA
PG 14:1;0_18:1;0,PG,GPL,MEM,32,2,0,NA,NA,NA,NA
PG 16:1;0_16:1;0,PG,GPL,MEM,32,2,0,NA,NA,NA,NA
PG 15:0;0_18:1;0,PG,GPL,MEM,33,1,0,NA,NA,NA,NA
PG 16:0;0_17:1;0,PG,GPL,MEM,33,1,0,NA,NA,NA,NA
PG 16:1;0_17:0;0,PG,GPL,MEM,33,1,0,NA,NA,NA,NA
PG 16:0;0_18:0;0,PG,GPL,MEM,34,0,0,34.6631011962891,5.596389771,27.5494995117188,6.122409821
PG 14:0;0_20:1;0,PG,GPL,MEM,34,1,0,5.15254020690918,NA,NA,NA
PG 16:0;0_18:1;0,PG,GPL,MEM,34,1,0,62.4248008728027,3.889039993,NA,NA
PG 16:1;0_18:0;0,PG,GPL,MEM,34,1,0,NA,3.346199989,NA,NA
PG 16:0;0_18:2;0,PG,GPL,MEM,34,2,0,NA,NA,NA,1.385920048
PG 16:1;0_18:1;0,PG,GPL,MEM,34,2,0,63.7201995849609,NA,NA,4.806769848
PG 17:1;0_17:1;0,PG,GPL,MEM,34,2,0,NA,NA,NA,0.088260598
PG 15:0;0_20:1;0,PG,GPL,MEM,35,1,0,NA,NA,NA,NA
PG 16:0;0_19:1;0,PG,GPL,MEM,35,1,0,NA,NA,NA,NA
PG 17:0;0_18:1;0,PG,GPL,MEM,35,1,0,NA,NA,NA,NA
PG 17:1;0_18:0;0,PG,GPL,MEM,35,1,0,NA,NA,NA,NA
PG 16:1;0_19:1;0,PG,GPL,MEM,35,2,0,NA,NA,NA,NA
PG 17:1;0_18:1;0,PG,GPL,MEM,35,2,0,NA,NA,NA,NA
PG 16:0;0_20:1;0,PG,GPL,MEM,36,1,0,28.6140003204346,NA,NA,NA
PG 18:0;0_18:1;0,PG,GPL,MEM,36,1,0,65.2818984985352,NA,NA,NA
PG 16:0;0_20:2;0,PG,GPL,MEM,36,2,0,NA,NA,NA,NA
PG 16:1;0_20:1;0,PG,GPL,MEM,36,2,0,NA,NA,NA,NA
PG 18:0;0_18:2;0,PG,GPL,MEM,36,2,0,NA,NA,NA,NA
PG 18:1;0_18:1;0,PG,GPL,MEM,36,2,0,NA,4.251110077,NA,NA
PG 16:0;0_20:3;0,PG,GPL,MEM,36,3,0,NA,NA,NA,NA
PG 16:1;0_20:2;0,PG,GPL,MEM,36,3,0,NA,NA,NA,NA
PG 18:1;0_18:2;0,PG,GPL,MEM,36,3,0,NA,NA,NA,NA
PG 16:1;0_22:2;0,PG,GPL,MEM,38,3,0,NA,NA,NA,NA
PG 18:0;0_20:3;0,PG,GPL,MEM,38,3,0,NA,NA,NA,NA
PG 18:1;0_20:2;0,PG,GPL,MEM,38,3,0,NA,NA,NA,NA
PG 16:1;0_22:3;0,PG,GPL,MEM,38,4,0,NA,NA,NA,NA
PG 18:1;0_20:3;0,PG,GPL,MEM,38,4,0,NA,NA,NA,NA
PG 18:2;0_20:2;0,PG,GPL,MEM,38,4,0,NA,NA,NA,NA
PG 17:0;0_24:0;0,PG,GPL,MEM,41,0,0,NA,NA,NA,NA
PI 13:0;0_18:0;0,PI,GPL,MEM,31,0,0,NA,NA,NA,NA
PI 14:0;0_17:0;0,PI,GPL,MEM,31,0,0,NA,NA,NA,NA
PI 15:0;0_16:0;0,PI,GPL,MEM,31,0,0,NA,NA,NA,NA
PI 14:0;0_18:0;0,PI,GPL,MEM,32,0,0,NA,NA,NA,NA
PI 15:0;0_17:0;0,PI,GPL,MEM,32,0,0,NA,NA,NA,4.853069782
PI 14:0;0_18:1;0,PI,GPL,MEM,32,1,0,NA,NA,NA,NA
PI 14:1;0_18:0;0,PI,GPL,MEM,32,1,0,NA,NA,NA,NA
PI 15:0;0_17:1;0,PI,GPL,MEM,32,1,0,NA,NA,NA,NA
PI 16:0;0_16:1;0,PI,GPL,MEM,32,1,0,NA,NA,37.5247993469238,NA
PI 15:0;0_18:0;0,PI,GPL,MEM,33,0,0,NA,NA,NA,NA
PI 16:0;0_17:0;0,PI,GPL,MEM,33,0,0,NA,NA,11.8850002288818,NA
PI 15:0;0_18:1;0,PI,GPL,MEM,33,1,0,NA,NA,NA,NA
PI 16:0;0_17:1;0,PI,GPL,MEM,33,1,0,NA,NA,NA,NA
PI 16:1;0_17:0;0,PI,GPL,MEM,33,1,0,NA,NA,NA,NA
PI 14:0;0_20:1;0,PI,GPL,MEM,34,1,0,NA,NA,NA,NA
PI 16:0;0_18:1;0,PI,GPL,MEM,34,1,0,117.986000061035,NA,332.688995361328,31.2656002
PI 16:1;0_18:0;0,PI,GPL,MEM,34,1,0,23.6581001281738,NA,38.8897018432617,7.996819973
PI 17:0;0_17:1;0,PI,GPL,MEM,34,1,0,NA,NA,NA,0.696543992
PI 16:0;0_18:2;0,PI,GPL,MEM,34,2,0,6.84720993041992,NA,13.086199760437,NA
PI 16:1;0_18:1;0,PI,GPL,MEM,34,2,0,38.4509010314941,NA,30.479700088501,NA
PI 17:1;0_17:1;0,PI,GPL,MEM,34,2,0,NA,NA,NA,NA
PI 16:0;0_19:1;0,PI,GPL,MEM,35,1,0,13.1654996871948,NA,NA,NA
PI 17:0;0_18:1;0,PI,GPL,MEM,35,1,0,11.4460000991821,NA,39.988899230957,NA
PI 17:1;0_18:0;0,PI,GPL,MEM,35,1,0,NA,NA,NA,NA
PI 16:0;0_19:2;0,PI,GPL,MEM,35,2,0,NA,NA,NA,NA
PI 17:0;0_18:2;0,PI,GPL,MEM,35,2,0,NA,NA,NA,NA
PI 17:1;0_18:1;0,PI,GPL,MEM,35,2,0,12.2468996047974,NA,11.4736995697021,NA
PI 16:0;0_20:1;0,PI,GPL,MEM,36,1,0,23.4867000579834,NA,13.5496997833252,3.071049929
PI 18:0;0_18:1;0,PI,GPL,MEM,36,1,0,358.390014648438,NA,302.442993164062,27.01429939
PI 16:0;0_20:2;0,PI,GPL,MEM,36,2,0,36.0779991149902,NA,16.0142002105713,6.199450016
PI 16:1;0_20:1;0,PI,GPL,MEM,36,2,0,5.47122001647949,NA,3.5581998825073202,1.465630054
PI 18:0;0_18:2;0,PI,GPL,MEM,36,2,0,39.6198997497559,NA,27.2644996643066,7.771049976
PI 18:1;0_18:1;0,PI,GPL,MEM,36,2,0,473.082000732422,NA,214.27799987793,93.20320129
PI 16:0;0_20:3;0,PI,GPL,MEM,36,3,0,10.8760995864868,NA,6.05055999755859,3.399600029
PI 16:1;0_20:2;0,PI,GPL,MEM,36,3,0,1.90013003349304,NA,NA,NA
PI 18:0;0_18:3;0,PI,GPL,MEM,36,3,0,NA,NA,NA,NA
PI 18:1;0_18:2;0,PI,GPL,MEM,36,3,0,34.6789016723633,NA,13.7440004348755,7.922850132
PI 17:0;0_20:1;0,PI,GPL,MEM,37,1,0,NA,NA,NA,NA
PI 18:0;0_19:1;0,PI,GPL,MEM,37,1,0,NA,NA,NA,NA
PI 18:1;0_19:0;0,PI,GPL,MEM,37,1,0,NA,NA,NA,NA
PI 17:0;0_20:2;0,PI,GPL,MEM,37,2,0,4.08665990829468,NA,NA,NA
PI 17:1;0_20:1;0,PI,GPL,MEM,37,2,0,NA,NA,NA,NA
PI 18:0;0_19:2;0,PI,GPL,MEM,37,2,0,10.2321996688843,NA,NA,NA
PI 18:1;0_19:1;0,PI,GPL,MEM,37,2,0,11.2019996643066,NA,NA,NA
PI 17:0;0_20:3;0,PI,GPL,MEM,37,3,0,NA,NA,NA,NA
PI 17:1;0_20:2;0,PI,GPL,MEM,37,3,0,NA,NA,NA,NA
PI 18:0;0_19:3;0,PI,GPL,MEM,37,3,0,NA,NA,NA,NA
PI 18:1;0_19:2;0,PI,GPL,MEM,37,3,0,10.9568004608154,NA,NA,NA
PI 16:0;0_22:1;0,PI,GPL,MEM,38,1,0,NA,NA,NA,NA
PI 18:0;0_20:1;0,PI,GPL,MEM,38,1,0,21.5231990814209,NA,NA,NA
PI 18:1;0_20:0;0,PI,GPL,MEM,38,1,0,NA,NA,NA,NA
PI 16:0;0_22:2;0,PI,GPL,MEM,38,2,0,4.23061990737915,NA,NA,NA
PI 18:0;0_20:2;0,PI,GPL,MEM,38,2,0,142.481994628906,NA,24.3663005828857,8.481089592
PI 18:1;0_20:1;0,PI,GPL,MEM,38,2,0,89.8237991333008,NA,15.4120998382568,6.077260017
PI 18:0;0_20:3;0,PI,GPL,MEM,38,3,0,94.6875991821289,NA,NA,NA
PI 18:1;0_20:2;0,PI,GPL,MEM,38,3,0,136.561996459961,NA,NA,NA
PI 18:2;0_20:1;0,PI,GPL,MEM,38,3,0,2.73923993110657,NA,NA,NA
PI 18:1;0_20:3;0,PI,GPL,MEM,38,4,0,64.4055023193359,NA,NA,NA
PI 18:2;0_20:2;0,PI,GPL,MEM,38,4,0,NA,NA,NA,NA
PI 18:0;0_22:3;0,PI,GPL,MEM,40,3,0,NA,NA,NA,NA
PI 18:1;0_22:2;0,PI,GPL,MEM,40,3,0,NA,NA,NA,NA
PI 20:1;0_20:2;0,PI,GPL,MEM,40,3,0,NA,NA,NA,NA
PI 18:1;0_22:3;0,PI,GPL,MEM,40,4,0,NA,NA,NA,NA
PI 20:1;0_20:3;0,PI,GPL,MEM,40,4,0,NA,NA,NA,NA
PI 20:2;0_20:2;0,PI,GPL,MEM,40,4,0,NA,NA,NA,NA
PS 14:0;0_17:0;0,PS,GPL,MEM,31,0,0,NA,NA,NA,NA
PS 14:0;0_18:1;0,PS,GPL,MEM,32,1,0,NA,NA,NA,NA
PS 16:0;0_16:1;0,PS,GPL,MEM,32,1,0,NA,NA,41.9785995483398,NA
PS 15:0;0_18:0;0,PS,GPL,MEM,33,0,0,NA,NA,NA,NA
PS 16:0;0_17:0;0,PS,GPL,MEM,33,0,0,NA,NA,NA,NA
PS 15:0;0_18:1;0,PS,GPL,MEM,33,1,0,14.7453002929688,NA,NA,NA
PS 16:0;0_17:1;0,PS,GPL,MEM,33,1,0,NA,NA,12.5057001113892,NA
PS 16:1;0_17:0;0,PS,GPL,MEM,33,1,0,NA,NA,28.224100112915,NA
PS 16:1;0_17:1;0,PS,GPL,MEM,33,2,0,NA,NA,NA,NA
PS 16:0;0_18:0;0,PS,GPL,MEM,34,0,0,12.5500001907349,NA,58.9748992919922,4.684189796
PS 16:0;0_18:1;0,PS,GPL,MEM,34,1,0,94.9804992675781,NA,214.785003662109,12.48120022
PS 16:1;0_18:0;0,PS,GPL,MEM,34,1,0,135.606002807617,NA,191.824996948242,11.88199997
PS 17:0;0_17:1;0,PS,GPL,MEM,34,1,0,3.08677005767822,NA,NA,1.517490029
PS 16:0;0_18:2;0,PS,GPL,MEM,34,2,0,NA,NA,NA,NA
PS 16:1;0_18:1;0,PS,GPL,MEM,34,2,0,37.11669921875,NA,NA,NA
PS 17:1;0_17:1;0,PS,GPL,MEM,34,2,0,NA,NA,NA,NA
PS 17:0;0_18:0;0,PS,GPL,MEM,35,0,0,NA,NA,NA,NA
PS 16:1;0_19:0;0,PS,GPL,MEM,35,1,0,NA,NA,NA,NA
PS 17:0;0_18:1;0,PS,GPL,MEM,35,1,0,27.9918994903564,NA,77.8706970214844,NA
PS 17:1;0_18:0;0,PS,GPL,MEM,35,1,0,3.31069993972778,NA,17.56369972229,NA
PS 17:0;0_18:2;0,PS,GPL,MEM,35,2,0,NA,NA,NA,NA
PS 17:1;0_18:1;0,PS,GPL,MEM,35,2,0,NA,NA,NA,NA
PS 16:0;0_20:1;0,PS,GPL,MEM,36,1,0,NA,NA,NA,NA
PS 16:1;0_20:0;0,PS,GPL,MEM,36,1,0,NA,NA,NA,NA
PS 18:0;0_18:1;0,PS,GPL,MEM,36,1,0,292.899993896484,NA,438.920013427734,23.0720005
PS 16:0;0_20:2;0,PS,GPL,MEM,36,2,0,NA,NA,NA,NA
PS 16:1;0_20:1;0,PS,GPL,MEM,36,2,0,12.131199836731,NA,18.7210006713867,4.491789818
PS 18:0;0_18:2;0,PS,GPL,MEM,36,2,0,17.5506992340088,NA,NA,2.497359991
PS 18:1;0_18:1;0,PS,GPL,MEM,36,2,0,215.97900390625,NA,126.431999206543,21.26440048
PS 16:1;0_20:2;0,PS,GPL,MEM,36,3,0,NA,NA,NA,NA
PS 18:1;0_18:2;0,PS,GPL,MEM,36,3,0,26.869499206543,NA,NA,NA
PS 18:1;0_19:0;0,PS,GPL,MEM,37,1,0,NA,NA,NA,NA
PS 18:0;0_20:0;0,PS,GPL,MEM,38,0,0,NA,NA,NA,NA
PS 16:1;0_22:0;0,PS,GPL,MEM,38,1,0,NA,NA,NA,NA
PS 18:0;0_20:1;0,PS,GPL,MEM,38,1,0,NA,NA,NA,NA
PS 18:1;0_20:0;0,PS,GPL,MEM,38,1,0,NA,NA,NA,NA
PS 16:1;0_22:1;0,PS,GPL,MEM,38,2,0,2.94896006584167,NA,NA,NA
PS 18:0;0_20:2;0,PS,GPL,MEM,38,2,0,8.3803596496582,NA,NA,NA
PS 18:1;0_20:1;0,PS,GPL,MEM,38,2,0,19.2395000457764,NA,NA,NA
PS 16:1;0_22:2;0,PS,GPL,MEM,38,3,0,NA,NA,NA,NA
PS 18:0;0_20:3;0,PS,GPL,MEM,38,3,0,NA,NA,NA,NA
PS 18:1;0_20:2;0,PS,GPL,MEM,38,3,0,339.153991699219,NA,NA,NA
PS 16:0;0_24:0;0,PS,GPL,MEM,40,0,0,NA,NA,NA,NA
PS 16:1;0_24:0;0,PS,GPL,MEM,40,1,0,NA,NA,NA,NA
PS 18:0;0_22:1;0,PS,GPL,MEM,40,1,0,NA,NA,NA,NA
PS 18:1;0_22:0;0,PS,GPL,MEM,40,1,0,NA,NA,NA,NA
PS 16:1;0_24:1;0,PS,GPL,MEM,40,2,0,NA,NA,NA,NA
PS 18:1;0_22:1;0,PS,GPL,MEM,40,2,0,NA,NA,NA,NA
PS 20:1;0_20:1;0,PS,GPL,MEM,40,2,0,NA,NA,NA,NA
SM 30:1;3,SM,SL,MEM,30,1,3,NA,NA,10.8663997650146,NA
SM 30:1;4,SM,SL,MEM,30,1,4,NA,NA,1.86082994937897,NA
SM 30:2;3,SM,SL,MEM,30,2,3,1.23454999923706,NA,20.3717994689941,NA
SM 30:2;4,SM,SL,MEM,30,2,4,NA,NA,3.3203399181366,NA
SM 32:1;2,SM,SL,MEM,32,1,2,NA,1.856359959,12.1431999206543,8.924539566
SM 32:1;3,SM,SL,MEM,32,1,3,NA,NA,6.8927001953125,NA
SM 32:2;2,SM,SL,MEM,32,2,2,NA,0.361826986,NA,1.377230048
SM 32:2;3,SM,SL,MEM,32,2,3,NA,NA,25.2311992645264,NA
SM 32:2;4,SM,SL,MEM,32,2,4,NA,NA,2.91939997673035,NA
SM 34:1;2,SM,SL,MEM,34,1,2,4.54516983032227,36.48600006,706.617980957031,421.0320129
SM 34:1;3,SM,SL,MEM,34,1,3,NA,0.430711001,3.48590993881226,1.780339956
SM 34:2;2,SM,SL,MEM,34,2,2,1.19722998142242,3.631799936,73.5145034790039,51.04470062
SM 34:2;3,SM,SL,MEM,34,2,3,NA,NA,30.0797996520996,NA
SM 36:1;2,SM,SL,MEM,36,1,2,0.893610000610352,1.917410016,87.6386032104492,28.07329941
SM 36:2;2,SM,SL,MEM,36,2,2,NA,0.939993978,40.3926010131836,13.63119984
SM 36:2;3,SM,SL,MEM,36,2,3,NA,NA,21.4246997833252,NA
SM 38:1;2,SM,SL,MEM,38,1,2,NA,0.325044006,6.13602018356323,4.747590065
SM 38:2;2,SM,SL,MEM,38,2,2,NA,NA,3.29813003540039,3.208930016
SM 38:2;3,SM,SL,MEM,38,2,3,NA,NA,7.78677988052368,NA
SM 40:1;2,SM,SL,MEM,40,1,2,1.86977005004883,0.787743986,12.8473997116089,32.94940186
SM 40:2;2,SM,SL,MEM,40,2,2,1.78680002689362,0.430741012,9.26578998565674,27.11510086
SM 42:1;2,SM,SL,MEM,42,1,2,7.90186023712158,1.234570026,17.0016994476318,63.34339905
SM 42:2;2,SM,SL,MEM,42,2,2,33.5275001525879,3.718580008,57.6398010253906,193.0919952
SM 42:2;3,SM,SL,MEM,42,2,3,0.751273989677429,NA,NA,3.490629911
SM 44:2;2,SM,SL,MEM,44,2,2,NA,NA,NA,2.290499926
Sulf 32:2;2,Sulf,SL,MEM,32,2,2,0.991087973117828,NA,NA,NA
Sulf 34:0;3,Sulf,SL,MEM,34,0,3,3.73188996315002,1.344759941,5.80424022674561,4.083449841
Sulf 34:1;2,Sulf,SL,MEM,34,1,2,16.8402996063232,3.882849932,22.3929004669189,10.81330013
Sulf 34:2;2,Sulf,SL,MEM,34,2,2,29.1431999206543,3.962320089,NA,8.555800438
Sulf 34:2;3,Sulf,SL,MEM,34,2,3,NA,NA,NA,NA
Sulf 36:0;2,Sulf,SL,MEM,36,0,2,NA,7.818870068,2.64401006698608,NA
Sulf 36:1;2,Sulf,SL,MEM,36,1,2,NA,2.300209999,NA,NA
Sulf 36:2;2,Sulf,SL,MEM,36,2,2,9.29965019226074,NA,3.90160989761353,NA
Sulf 38:0;2,Sulf,SL,MEM,38,0,2,NA,2.483479977,NA,NA
Sulf 38:2;2,Sulf,SL,MEM,38,2,2,NA,NA,NA,2.055969954
Sulf 40:2;2,Sulf,SL,MEM,40,2,2,NA,NA,NA,2.576580048
Sulf 42:2;2,Sulf,SL,MEM,42,2,2,4.91836023330688,2.979409933,6.62101984024048,27.13990021
Sulf 42:2;3,Sulf,SL,MEM,42,2,3,1.14900994300842,NA,NA,3.580670118
Sulf 44:1;3,Sulf,SL,MEM,44,1,3,5.90354013442993,3.433769941,8.26224994659424,8.339590073
TAG 47:2;0,TAG,GL,STO,47,2,0,NA,NA,NA,NA
TAG 54:1;0,TAG,GL,STO,54,1,0,NA,NA,NA,NA
TAG 54:2;0,TAG,GL,STO,54,2,0,2.55616998672485,NA,NA,NA
TAG 56:2;0,TAG,GL,STO,56,2,0,1.99876999855042,NA,NA,NA
TAG 58:3;0,TAG,GL,STO,58,3,0,NA,NA,NA,NA
CL 60:1;0,CL,GPL,MEM,60,1,0,17.8505992889404,NA,NA,NA
CL 68:3;0,CL,GPL,MEM,68,3,0,NA,NA,31.5156002044678,NA
CL 72:3;0,CL,GPL,MEM,72,3,0,NA,NA,22.3873996734619,NA
CL 72:4;0,CL,GPL,MEM,72,4,0,NA,NA,NA,NA
CL 76:5;0,CL,GPL,MEM,76,5,0,NA,NA,NA,NA
CL 78:3;0,CL,GPL,MEM,78,3,0,NA,NA,NA,23.2887001
CL 80:5;0,CL,GPL,MEM,80,5,0,NA,NA,NA,NA
Chol,Chol,ST,MEM,27,1,0,NA,NA,NA,312.8840027
