feature,class,structuralcategory,functionalcategory,totallength,totaldb,totaloh,CD1a_molp,CD1b_molp,CD1c_molp,CD1d_molp
Cer 32:0;2,Cer,SL,MEM,32,0,2,NA,NA,0.0100089491478826,0.005901346
Cer 32:0;4,Cer,SL,MEM,32,0,4,NA,NA,0.00113142497080377,NA
Cer 32:1;2,Cer,SL,MEM,32,1,2,0.0318650075588168,0.022834353,0.0149219949559892,0.020249901
Cer 32:1;4,Cer,SL,MEM,32,1,4,0.00238385612450504,0.015592423,0.00402223395383672,0.002254278
Cer 32:2;2,Cer,SL,MEM,32,2,2,0.0125991477682825,NA,0.00223164683435196,0.003930913
Cer 32:2;4,Cer,SL,MEM,32,2,4,0.00143664644763825,NA,0.00252869058914116,NA
Cer 34:0;2,Cer,SL,MEM,34,0,2,0.00329329065947562,NA,0.0033218761904569,0.014001096
Cer 34:0;3,Cer,SL,MEM,34,0,3,NA,NA,0.00149274949557526,0.013287731
Cer 34:1;2,Cer,SL,MEM,34,1,2,0.414050360510542,0.642037018,0.525977255760954,0.567361143
Cer 34:1;3,Cer,SL,MEM,34,1,3,NA,NA,NA,0.028228514
Cer 34:1;4,Cer,SL,MEM,34,1,4,0.00364054213178959,0.015139284,0.00243998118589316,0.006985446
Cer 34:2;2,Cer,SL,MEM,34,2,2,0.073513162527815007,0.071029734,0.0551482694777638,0.086561749
Cer 34:2;4,Cer,SL,MEM,34,2,4,NA,NA,0.00123254555160196,NA
Cer 36:0;3,Cer,SL,MEM,36,0,3,NA,NA,0.00118483806829968,0.003216764
Cer 36:1;2,Cer,SL,MEM,36,1,2,0.0645223917310972,0.118457433,0.0752289740422032,0.068282815
Cer 36:1;3,Cer,SL,MEM,36,1,3,NA,NA,NA,0.011256331
Cer 36:2;2,Cer,SL,MEM,36,2,2,0.0509869603978646,0.051232321,0.0320320105418475,0.038286983
Cer 38:0;2,Cer,SL,MEM,38,0,2,NA,NA,NA,0.014276685
Cer 38:0;4,Cer,SL,MEM,38,0,4,NA,NA,0.00277948301680804,NA
Cer 38:1;2,Cer,SL,MEM,38,1,2,0.0126437266112406,NA,0.00939532566000392,0.026998515
Cer 38:1;4,Cer,SL,MEM,38,1,4,0.00346900548781007,NA,0.00229515263907689,0.004259953
Cer 38:2;2,Cer,SL,MEM,38,2,2,0.01159258759533,0.020854913,0.00503114038160535,0.012604584
Cer 38:2;3,Cer,SL,MEM,38,2,3,NA,NA,NA,0.001997767
Cer 38:2;4,Cer,SL,MEM,38,2,4,0.00654904025926743,0.013579292,0.00136394425408717,NA
Cer 40:1;2,Cer,SL,MEM,40,1,2,0.0730300488070761,0.059333674,0.0347742842378491,0.186796521
Cer 40:1;3,Cer,SL,MEM,40,1,3,0.00165090775705112,NA,NA,0.015621033
Cer 40:1;4,Cer,SL,MEM,40,1,4,NA,NA,NA,0.005885082
Cer 40:2;2,Cer,SL,MEM,40,2,2,0.0585991194878913,0.043768363,0.0198481024952735,0.109553675
Cer 40:2;4,Cer,SL,MEM,40,2,4,NA,NA,NA,NA
Cer 42:1;2,Cer,SL,MEM,42,1,2,0.167792367466206,0.100678013,0.0797328776783452,1.176424371
Cer 42:1;3,Cer,SL,MEM,42,1,3,NA,NA,0.0031949267868219902,0.077923911
Cer 42:1;4,Cer,SL,MEM,42,1,4,0.00634149424575653,NA,0.00169104123978032,0.041899715
Cer 42:2;2,Cer,SL,MEM,42,2,2,0.350697077238991,0.173741806,0.143311195758991,1.745385345
Cer 42:2;3,Cer,SL,MEM,42,2,3,0.00376143210897455,NA,0.00137639295999577,0.011788107
Cer 42:2;4,Cer,SL,MEM,42,2,4,0.00147393011678122,NA,NA,0.003198611
Cer 44:1;2,Cer,SL,MEM,44,1,2,0.00431557063505776,NA,0.00443419699188838,0.072443224
Cer 44:2;2,Cer,SL,MEM,44,2,2,0.00724434767420152,NA,0.00468443310587494,0.070231803
Cer 44:2;4,Cer,SL,MEM,44,2,4,NA,NA,NA,0.004594228
DAG 12:0;0_18:0;0,DAG,GL,MEM,30,0,0,0.00425999692061418,NA,NA,NA
DAG 13:0;0_17:0;0,DAG,GL,MEM,30,0,0,NA,NA,NA,NA
DAG 14:0;0_16:0;0,DAG,GL,MEM,30,0,0,0.0882017407773011,NA,NA,NA
DAG 14:0;0_16:1;0,DAG,GL,MEM,30,1,0,NA,0.191602818,NA,NA
DAG 13:0;0_18:0;0,DAG,GL,MEM,31,0,0,0.00804032242761895,NA,NA,NA
DAG 14:0;0_17:0;0,DAG,GL,MEM,31,0,0,0.0108421426646696,0.033228512,NA,NA
DAG 15:0;0_16:0;0,DAG,GL,MEM,31,0,0,0.0789910885337274,0.246340088,NA,0.032116838
DAG 11:0;0_20:1;0,DAG,GL,MEM,31,1,0,0.00181713709465248,NA,NA,NA
DAG 13:0;0_18:1;0,DAG,GL,MEM,31,1,0,0.0503676514525806,0.091799101,NA,NA
DAG 14:0;0_17:1;0,DAG,GL,MEM,31,1,0,0.00974620037989598,0.028603285,NA,NA
DAG 15:0;0_16:1;0,DAG,GL,MEM,31,1,0,0.0417525096850355,0.200668237,NA,NA
DAG 15:1;0_16:0;0,DAG,GL,MEM,31,1,0,0.0444313078988043,NA,NA,NA
DAG 14:0;0_18:0;0,DAG,GL,MEM,32,0,0,0.0339437108813354,0.042898939,NA,NA
DAG 15:0;0_17:0;0,DAG,GL,MEM,32,0,0,0.0114985125180723,NA,NA,0.003741081
DAG 16:0;0_16:0;0,DAG,GL,MEM,32,0,0,0.157844074555694,NA,NA,NA
DAG 14:0;0_18:1;0,DAG,GL,MEM,32,1,0,0.470475332400851,0.452429396,NA,0.016467532
DAG 15:0;0_17:1;0,DAG,GL,MEM,32,1,0,NA,0.033587418,NA,NA
DAG 16:0;0_16:1;0,DAG,GL,MEM,32,1,0,0.78165863959207,1.415338102,0.176989540184173,0.044589814
DAG 14:0;0_18:2;0,DAG,GL,MEM,32,2,0,0.00406475171093177,NA,NA,NA
DAG 14:1;0_18:1;0,DAG,GL,MEM,32,2,0,0.0325120254449104,NA,NA,NA
DAG 15:1;0_17:1;0,DAG,GL,MEM,32,2,0,NA,NA,NA,NA
DAG 16:0;0_16:2;0,DAG,GL,MEM,32,2,0,0.0148216461623112,NA,NA,NA
DAG 16:1;0_16:1;0,DAG,GL,MEM,32,2,0,0.11171382925886,0.378070175,NA,NA
DAG 16:1;0_16:2;0,DAG,GL,MEM,32,3,0,NA,NA,NA,NA
DAG 16:0;0_17:0;0,DAG,GL,MEM,33,0,0,NA,0.202227835,NA,0.021694463
DAG 13:0;0_20:1;0,DAG,GL,MEM,33,1,0,0.00311151999444503,NA,NA,NA
DAG 15:0;0_18:1;0,DAG,GL,MEM,33,1,0,0.137445850886418,0.329587078,0.0277885816498432,0.021178558
DAG 16:0;0_17:1;0,DAG,GL,MEM,33,1,0,0.0700994167579673,0.174159016,0.00852104267299228,0.009678005
DAG 16:1;0_17:0;0,DAG,GL,MEM,33,1,0,0.0378184474385031,0.18677926,NA,0.01267339
DAG 16:0;0_18:0;0,DAG,GL,MEM,34,0,0,0.309630242635688,NA,NA,NA
DAG 14:0;0_20:1;0,DAG,GL,MEM,34,1,0,NA,NA,NA,NA
DAG 16:0;0_18:1;0,DAG,GL,MEM,34,1,0,1.77314956001177,3.068906464,0.457902549400586,0.216597523
DAG 16:1;0_18:0;0,DAG,GL,MEM,34,1,0,0.128144479964877,0.212171087,0.0440856827063122,0.01998565
DAG 16:0;0_18:2;0,DAG,GL,MEM,34,2,0,0.0322750503359534,0.067068618,0.0069266472927235,0.005355447
DAG 16:1;0_18:1;0,DAG,GL,MEM,34,2,0,0.958085392181753,1.646026941,0.134290896665092,0.090509838
DAG 16:2;0_18:0;0,DAG,GL,MEM,34,2,0,0.00577532229566928,NA,NA,NA
DAG 17:1;0_17:1;0,DAG,GL,MEM,34,2,0,0.00276102833150642,0.12149713,0.002505911899931,0.001970866
DAG 16:1;0_18:2;0,DAG,GL,MEM,34,3,0,0.0151018602183191,NA,NA,NA
DAG 16:2;0_18:1;0,DAG,GL,MEM,34,3,0,0.0388000903424368,NA,NA,NA
DAG 15:0;0_20:1;0,DAG,GL,MEM,35,1,0,0.00988396125815771,NA,0.00725036337375019,NA
DAG 16:0;0_19:1;0,DAG,GL,MEM,35,1,0,0.0109568429487582,0.031696026,0.002278498242719,NA
DAG 16:1;0_19:0;0,DAG,GL,MEM,35,1,0,NA,NA,NA,NA
DAG 17:0;0_18:1;0,DAG,GL,MEM,35,1,0,0.130711986904075,0.440900219,0.0473850850905502,0.055864842
DAG 17:1;0_18:0;0,DAG,GL,MEM,35,1,0,NA,0.035586728,NA,NA
DAG 15:0;0_20:2;0,DAG,GL,MEM,35,2,0,0.00153505670749153,NA,NA,NA
DAG 16:0;0_19:2;0,DAG,GL,MEM,35,2,0,NA,NA,NA,NA
DAG 16:1;0_19:1;0,DAG,GL,MEM,35,2,0,0.005101768543637,0.015136257,NA,5.10028e-4
DAG 17:0;0_18:2;0,DAG,GL,MEM,35,2,0,0.00216273484106601,NA,NA,8.2805e-4
DAG 17:1;0_18:1;0,DAG,GL,MEM,35,2,0,0.0904948540830703,0.276288331,NA,0.018137015
DAG 17:0;0_19:0;0,DAG,GL,MEM,36,0,0,NA,NA,NA,NA
DAG 16:0;0_20:1;0,DAG,GL,MEM,36,1,0,0.0686681788414477,0.110798688,NA,NA
DAG 18:0;0_18:1;0,DAG,GL,MEM,36,1,0,0.352517140694275,0.91658807,0.391198915819955,0.14396353
DAG 16:0;0_20:2;0,DAG,GL,MEM,36,2,0,0.0259498918986487,0.039841599,0.0149517420001873,0.006623207
DAG 16:1;0_20:1;0,DAG,GL,MEM,36,2,0,0.0464544841235362,0.055415598,0.00887888031971796,NA
DAG 18:0;0_18:2;0,DAG,GL,MEM,36,2,0,0.0248616566791507,0.062054745,0.0259355248063177,0.00814913
DAG 18:1;0_18:1;0,DAG,GL,MEM,36,2,0,1.63090829892375,2.924002097,0.497699585919762,0.247161334
DAG 16:0;0_20:3;0,DAG,GL,MEM,36,3,0,0.0127133332712894,NA,NA,0.004220302
DAG 16:1;0_20:2;0,DAG,GL,MEM,36,3,0,0.00778846461799827,NA,NA,0.002346346
DAG 16:2;0_20:1;0,DAG,GL,MEM,36,3,0,NA,NA,NA,NA
DAG 18:1;0_18:2;0,DAG,GL,MEM,36,3,0,0.0684517603462408,0.185682937,NA,0.014003335
DAG 17:0;0_20:1;0,DAG,GL,MEM,37,1,0,0.0116615243074252,NA,NA,NA
DAG 18:0;0_19:1;0,DAG,GL,MEM,37,1,0,NA,NA,NA,NA
DAG 18:1;0_19:0;0,DAG,GL,MEM,37,1,0,0.0327265446443283,NA,NA,0.024827683
DAG 17:0;0_20:2;0,DAG,GL,MEM,37,2,0,0.00343924108541104,NA,NA,0.002373219
DAG 17:1;0_20:1;0,DAG,GL,MEM,37,2,0,0.00873798664753106,NA,NA,0.004453621
DAG 18:0;0_19:2;0,DAG,GL,MEM,37,2,0,0.00290164947463976,NA,NA,0.002253998
DAG 18:1;0_19:1;0,DAG,GL,MEM,37,2,0,0.0361976049277755,NA,NA,0.011013005
DAG 16:0;0_22:1;0,DAG,GL,MEM,38,1,0,0.02798993536172,NA,NA,NA
DAG 16:1;0_22:0;0,DAG,GL,MEM,38,1,0,0.00498061052067536,NA,NA,NA
DAG 18:0;0_20:1;0,DAG,GL,MEM,38,1,0,0.0477430431045003,NA,NA,NA
DAG 16:0;0_22:2;0,DAG,GL,MEM,38,2,0,NA,NA,NA,NA
DAG 16:1;0_22:1;0,DAG,GL,MEM,38,2,0,0.00454706029541232,NA,NA,NA
DAG 18:0;0_20:2;0,DAG,GL,MEM,38,2,0,0.042576729470816,0.189032451,0.0653862589462945,0.035337814
DAG 18:1;0_20:1;0,DAG,GL,MEM,38,2,0,0.200659465326539,0.303871486,0.0463329471113581,0.037397376
DAG 18:1;0_20:2;0,DAG,GL,MEM,38,3,0,0.0766750717985138,NA,0.0619971133130639,NA
DAG 18:1;0_20:3;0,DAG,GL,MEM,38,4,0,NA,NA,NA,NA
DAG 16:0;0_24:1;0,DAG,GL,MEM,40,1,0,0.0353587501755647,NA,NA,NA
DAG 16:1;0_24:0;0,DAG,GL,MEM,40,1,0,NA,NA,NA,0.263621008
DAG 16:1;0_24:1;0,DAG,GL,MEM,40,2,0,0.00958274173658992,NA,NA,NA
DAG 18:1;0_22:1;0,DAG,GL,MEM,40,2,0,0.0682518787770622,NA,NA,NA
DAG 20:1;0_20:1;0,DAG,GL,MEM,40,2,0,0.0174788781787338,NA,NA,NA
DiHexCer 34:1;2,DiHexCer,SL,MEM,34,1,2,NA,NA,0.0466788472014539,0.108380084
Gb3 34:1;2,Gb3,SL,MEM,34,1,2,NA,NA,NA,NA
GD1 34:1;2,GD1,SL,MEM,34,1,2,NA,42.14561146,1.24573165343564,18.86568609
GD1 34:2;2,GD1,SL,MEM,34,2,2,NA,NA,0.204797860819317,NA
GD1 36:1;2,GD1,SL,MEM,36,1,2,NA,NA,0.143892387295402,NA
GD1 36:2;2,GD1,SL,MEM,36,2,2,NA,NA,NA,NA
GD1 36:2;3,GD1,SL,MEM,36,2,3,NA,NA,0.209284260409617,NA
GD1 38:1;2,GD1,SL,MEM,38,1,2,NA,NA,NA,NA
GD1 42:2;2,GD1,SL,MEM,42,2,2,NA,NA,0.132601699622855,5.010588265
GD2 34:1;2,GD2,SL,MEM,34,1,2,NA,NA,0.206662670464477,2.62564386
GD2 36:2;3,GD2,SL,MEM,36,2,3,NA,NA,0.207787554233097,NA
GD3 34:1;2,GD3,SL,MEM,34,1,2,NA,NA,0.189630083611193,2.817578388
GD3 36:1;2,GD3,SL,MEM,36,1,2,NA,NA,NA,NA
GD3 36:2;3,GD3,SL,MEM,36,2,3,NA,NA,0.147067682001527,NA
GD3 40:1;2,GD3,SL,MEM,40,1,2,1.16471112895574,48.67714127,NA,2.434983032
GM1 32:0;4,GM1,SL,MEM,32,0,4,0.396551479790322,NA,0.110462150949352,NA
GM1 34:1;2,GM1,SL,MEM,34,1,2,NA,NA,0.447211171173663,0.898168779
GM1 34:2;2,GM1,SL,MEM,34,2,2,NA,NA,NA,NA
GM1 36:1;2,GM1,SL,MEM,36,1,2,NA,NA,NA,NA
GM1 36:1;3,GM1,SL,MEM,36,1,3,NA,NA,NA,NA
GM2 34:1;2,GM2,SL,MEM,34,1,2,NA,NA,0.663274104279409,6.084314617
GM2 34:2;2,GM2,SL,MEM,34,2,2,NA,NA,NA,NA
GM2 36:1;2,GM2,SL,MEM,36,1,2,NA,NA,0.719230694740995,NA
GM2 36:1;4,GM2,SL,MEM,36,1,4,NA,NA,NA,NA
GM2 40:1;2,GM2,SL,MEM,40,1,2,NA,NA,NA,NA
GM2 42:2;2,GM2,SL,MEM,42,2,2,NA,9.177247269,NA,4.080970397
GM3 34:1;2,GM3,SL,MEM,34,1,2,0.283038929513572,2.033820671,2.57213606300975,5.228835808
GM3 34:2;2,GM3,SL,MEM,34,2,2,NA,NA,0.305514793671716,1.26051719
GM3 34:2;3,GM3,SL,MEM,34,2,3,NA,NA,NA,NA
GM3 36:1;2,GM3,SL,MEM,36,1,2,NA,NA,NA,NA
GM3 38:2;2,GM3,SL,MEM,38,2,2,0.443746588046833,NA,0.769594191270936,0.929328869
GM3 40:1;2,GM3,SL,MEM,40,1,2,NA,NA,NA,0.593811436
GM3 40:1;4,GM3,SL,MEM,40,1,4,NA,NA,NA,NA
GM3 40:2;2,GM3,SL,MEM,40,2,2,NA,NA,NA,NA
HexCer 30:1;3,HexCer,SL,MEM,30,1,3,NA,NA,NA,NA
HexCer 34:1;2,HexCer,SL,MEM,34,1,2,0.0588583294102437,0.086573857,0.244696166915255,0.186775525
HexCer 34:2;2,HexCer,SL,MEM,34,2,2,0.0187358217430473,NA,0.0339606828370661,0.022468741
HexCer 36:1;2,HexCer,SL,MEM,36,1,2,0.0212739521970259,NA,0.0407524701579399,0.027365499
HexCer 36:2;2,HexCer,SL,MEM,36,2,2,0.0187734733508029,NA,0.0244131853641638,0.011388974
HexCer 40:1;2,HexCer,SL,MEM,40,1,2,0.0151110223892396,NA,0.0208327497726854,0.117335362
HexCer 40:2;2,HexCer,SL,MEM,40,2,2,0.00723796785174053,NA,0.0110921475706947,0.049735425
HexCer 40:2;3,HexCer,SL,MEM,40,2,3,NA,NA,NA,NA
HexCer 42:1;2,HexCer,SL,MEM,42,1,2,0.0334704292794706,0.051411446,0.0417941724598185,0.293763531
HexCer 42:1;3,HexCer,SL,MEM,42,1,3,NA,NA,NA,NA
HexCer 42:2;2,HexCer,SL,MEM,42,2,2,0.0585518581893098,0.044378384,0.0494861159168399,0.412925547
HexCer 42:2;3,HexCer,SL,MEM,42,2,3,NA,NA,NA,0.02503259
LPA 16:0;0,LPA,GPL,LYS,16,0,0,0.029267548751664402,NA,0.0825944524426634,NA
LPA 18:0;0,LPA,GPL,LYS,18,0,0,NA,NA,0.0261538783914532,NA
LPA 18:1;0,LPA,GPL,LYS,18,1,0,0.158037371189122,0.188203302,0.135632003376563,NA
LPC 14:0;0,LPC,GPL,LYS,14,0,0,NA,NA,0.0743378172622767,NA
LPC 16:0;0,LPC,GPL,LYS,16,0,0,0.0853845124032692,1.142371672,1.68903502998548,0.213036851
LPC 16:1;0,LPC,GPL,LYS,16,1,0,NA,0.069278515,0.0640970207097856,0.028954645
LPC 18:0;0,LPC,GPL,LYS,18,0,0,0.0385874731026169,1.155560497,0.344233838432039,0.042009869
LPC 18:1;0,LPC,GPL,LYS,18,1,0,0.0826970008703899,1.708292484,1.05294565651331,0.317316572
LPC 18:2;0,LPC,GPL,LYS,18,2,0,NA,0.064414016,NA,NA
LPC 20:0;0,LPC,GPL,LYS,20,0,0,NA,0.121371577,NA,NA
LPC 20:1;0,LPC,GPL,LYS,20,1,0,0.0187663236875523,1.158575735,0.0848473369754686,0.048123887
LPC 20:2;0,LPC,GPL,LYS,20,2,0,NA,0.055536022,NA,NA
LPC 22:0;0,LPC,GPL,LYS,22,0,0,NA,0.084061917,NA,NA
LPC 22:1;0,LPC,GPL,LYS,22,1,0,NA,0.30733023,0.0322616729206451,NA
LPC O-16:0;0,LPC O-,GPL,LYS,16,0,0,NA,0.157181125,0.0497399633205022,NA
LPC O-16:1;0,LPC O-,GPL,LYS,16,1,0,NA,0.176567516,0.20708074121958,0.04046733
LPC O-18:0;0,LPC O-,GPL,LYS,18,0,0,NA,0.209209821,NA,NA
LPC O-18:1;0,LPC O-,GPL,LYS,18,1,0,NA,0.251867783,0.0395074747829596,NA
LPC O-18:2;0,LPC O-,GPL,LYS,18,2,0,NA,0.151104617,0.0320184489292108,0.043096542
LPE 16:0;0,LPE,GPL,LYS,16,0,0,0.0101932134956466,0.11911957,0.150889154323689,0.009425862
LPE 16:1;0,LPE,GPL,LYS,16,1,0,NA,0.088621604,0.0110354032028128,0.005785134
LPE 18:0;0,LPE,GPL,LYS,18,0,0,0.0275306227740454,0.395500797,0.2400710461227,0.018283976
LPE 18:1;0,LPE,GPL,LYS,18,1,0,0.101319422934074,0.747646085,0.514147262297376,0.055572879
LPE 20:0;0,LPE,GPL,LYS,20,0,0,NA,0.080051843,0.0190346888294051,NA
LPE 20:1;0,LPE,GPL,LYS,20,1,0,0.0205841415518823,0.481553745,0.0933539456644554,0.019594732
LPE 20:2;0,LPE,GPL,LYS,20,2,0,0.00432682156517959,0.033817604,NA,NA
LPE 22:0;0,LPE,GPL,LYS,22,0,0,NA,0.05442193,NA,NA
LPE 22:1;0,LPE,GPL,LYS,22,1,0,NA,0.185715837,0.0148928111165348,NA
LPE 24:0;0,LPE,GPL,LYS,24,0,0,0.00410250487640407,0.121643747,0.174759142122244,NA
LPE 24:1;0,LPE,GPL,LYS,24,1,0,NA,0.070720184,0.0634289645264054,NA
LPE O-16:1;0,LPE O-,GPL,LYS,16,1,0,0.014716173978415,0.134799248,0.417073078128489,0.018046038
LPE O-18:0;0,LPE O-,GPL,LYS,18,0,0,NA,0.046957972,NA,NA
LPE O-18:1;0,LPE O-,GPL,LYS,18,1,0,0.0137937462157742,0.344056466,0.140883956149198,0.00642744
LPE O-18:2;0,LPE O-,GPL,LYS,18,2,0,0.0168052688196895,0.208936073,0.132780435181182,0.020310785
LPG 18:0;0,LPG,GPL,LYS,18,0,0,NA,NA,NA,NA
LPG 18:1;0,LPG,GPL,LYS,18,1,0,0.0184636510581964,NA,0.0371706578437549,NA
LPI 16:0;0,LPI,GPL,LYS,16,0,0,NA,NA,0.0705138418079206,NA
LPI 18:0;0,LPI,GPL,LYS,18,0,0,0.0435941260186208,0.234646409,0.315089417349811,NA
LPI 18:1;0,LPI,GPL,LYS,18,1,0,0.0428112458841022,NA,0.216202917793775,NA
LPI 20:1;0,LPI,GPL,LYS,20,1,0,NA,NA,NA,NA
LPI 20:2;0,LPI,GPL,LYS,20,2,0,NA,NA,0.0419446583833851,NA
LPS 18:0;0,LPS,GPL,LYS,18,0,0,0.0763905024148551,0.20943093,0.198826615131226,NA
LPS 18:1;0,LPS,GPL,LYS,18,1,0,0.0461153865704511,NA,0.0928989954283612,NA
LPS 24:0;0,LPS,GPL,LYS,24,0,0,NA,0.243880269,0.112843773954829,NA
LPS 24:1;0,LPS,GPL,LYS,24,1,0,NA,NA,NA,NA
PA 14:0;0_18:1;0,PA,GPL,MEM,32,1,0,0.0933315229348977,NA,NA,NA
PA 16:0;0_16:1;0,PA,GPL,MEM,32,1,0,0.232967909171624,NA,NA,NA
PA 15:0;0_18:1;0,PA,GPL,MEM,33,1,0,NA,NA,NA,NA
PA 16:0;0_18:0;0,PA,GPL,MEM,34,0,0,0.0581529900907634,NA,0.0328547990337662,0.09977611
PA 16:0;0_18:1;0,PA,GPL,MEM,34,1,0,0.373436011152547,NA,0.0643276187832367,NA
PA 16:1;0_18:0;0,PA,GPL,MEM,34,1,0,0.106161279308721,NA,0.0616169650106997,NA
PA 17:0;0_17:1;0,PA,GPL,MEM,34,1,0,NA,NA,NA,NA
PA 16:1;0_18:1;0,PA,GPL,MEM,34,2,0,0.259049752847144,NA,NA,NA
PA 17:1;0_17:1;0,PA,GPL,MEM,34,2,0,0.0536750313306257,NA,NA,NA
PA 17:0;0_18:0;0,PA,GPL,MEM,35,0,0,NA,NA,NA,NA
PA 16:0;0_20:1;0,PA,GPL,MEM,36,1,0,0.014124350213988,NA,NA,NA
PA 18:0;0_18:1;0,PA,GPL,MEM,36,1,0,0.127476343401343,NA,NA,NA
PA 16:1;0_20:1;0,PA,GPL,MEM,36,2,0,NA,NA,NA,NA
PA 18:0;0_18:2;0,PA,GPL,MEM,36,2,0,NA,NA,NA,NA
PA 18:1;0_18:1;0,PA,GPL,MEM,36,2,0,0.387159613950767,NA,NA,NA
PA 18:0;0_20:2;0,PA,GPL,MEM,38,2,0,NA,NA,NA,NA
PA 18:1;0_20:1;0,PA,GPL,MEM,38,2,0,0.1846409804534,NA,0.189175753198309,NA
PC 12:0;0_16:0;0,PC,GPL,MEM,28,0,0,0.00495274541406535,0.029226859,0.0274794269443711,0.011725852
PC 13:0;0_15:0;0,PC,GPL,MEM,28,0,0,0.00465153721368565,0.017755461,0.0121798456716175,0.015244111
PC 14:0;0_14:0;0,PC,GPL,MEM,28,0,0,NA,NA,0.046188960391738,0.025012576
PC 11:0;0_18:0;0,PC,GPL,MEM,29,0,0,0.00204901783546009,NA,NA,NA
PC 12:0;0_17:0;0,PC,GPL,MEM,29,0,0,0.00885927919284522,0.04255688,0.0154897485464132,0.02820654
PC 13:0;0_16:0;0,PC,GPL,MEM,29,0,0,0.020820558592862,0.064779765,0.0808090159274067,0.056280814
PC 14:0;0_15:0;0,PC,GPL,MEM,29,0,0,0.00610122267321063,0.037858213,0.0869621141693903,0.109280043
PC 11:0;0_18:1;0,PC,GPL,MEM,29,1,0,0.00826103032120489,NA,NA,NA
PC 12:0;0_17:1;0,PC,GPL,MEM,29,1,0,NA,NA,NA,NA
PC 13:0;0_16:1;0,PC,GPL,MEM,29,1,0,0.00644933455581892,NA,NA,0.006966257
PC 14:0;0_15:1;0,PC,GPL,MEM,29,1,0,NA,NA,NA,0.012727066
PC 14:1;0_15:0;0,PC,GPL,MEM,29,1,0,NA,NA,NA,0.00278054
PC 12:0;0_18:0;0,PC,GPL,MEM,30,0,0,NA,NA,0.0109940329834688,0.00485442
PC 13:0;0_17:0;0,PC,GPL,MEM,30,0,0,0.00313532911893618,0.0740797,0.00944313324996946,0.013542199
PC 14:0;0_16:0;0,PC,GPL,MEM,30,0,0,0.044313658112244,0.217919876,0.479264660973671,0.19040618
PC 15:0;0_15:0;0,PC,GPL,MEM,30,0,0,0.00743797262208355,0.120293673,0.110597129372993,0.147671163
PC 14:0;0_16:2;0,PC,GPL,MEM,30,2,0,NA,NA,0.0545350199697546,NA
PC 14:1;0_16:1;0,PC,GPL,MEM,30,2,0,NA,NA,NA,NA
PC 15:1;0_15:1;0,PC,GPL,MEM,30,2,0,NA,NA,NA,NA
PC 13:0;0_18:0;0,PC,GPL,MEM,31,0,0,0.016790408761402,0.108919012,0.0350656309457126,0.0147562
PC 14:0;0_17:0;0,PC,GPL,MEM,31,0,0,0.0155855320070353,0.094488981,0.117870742821934,0.094380803
PC 15:0;0_16:0;0,PC,GPL,MEM,31,0,0,0.113741584571195,0.526405672,0.827900531521395,0.962592489
PC 13:0;0_18:1;0,PC,GPL,MEM,31,1,0,0.0405098694429368,0.120507542,0.0490799082203849,0.042523395
PC 14:0;0_17:1;0,PC,GPL,MEM,31,1,0,0.00776466614874296,0.034327075,0.0269286723034716,0.03309042
PC 14:1;0_17:0;0,PC,GPL,MEM,31,1,0,NA,NA,0.0334387380557516,0.013166887
PC 15:0;0_16:1;0,PC,GPL,MEM,31,1,0,0.0817545718981673,0.474316415,0.419833389275883,0.524714289
PC 15:1;0_16:0;0,PC,GPL,MEM,31,1,0,0.0244011134117362,0.139410922,0.144666677601062,0.07786177
PC 14:1;0_17:1;0,PC,GPL,MEM,31,2,0,NA,NA,NA,0.010192707
PC 15:0;0_16:2;0,PC,GPL,MEM,31,2,0,NA,NA,NA,0.02840179
PC 14:0;0_18:0;0,PC,GPL,MEM,32,0,0,NA,0.049750245,NA,NA
PC 15:0;0_17:0;0,PC,GPL,MEM,32,0,0,0.00736208669836204,0.168685292,0.0701226380050331,0.106220306
PC 16:0;0_16:0;0,PC,GPL,MEM,32,0,0,0.0583717527378558,0.273416557,0.432290214719543,0.322604388
PC 14:0;0_18:1;0,PC,GPL,MEM,32,1,0,0.516274988350421,NA,1.20589838109804,0.64039823
PC 14:1;0_18:0;0,PC,GPL,MEM,32,1,0,0.00982747119343164,NA,NA,0.0093093
PC 15:0;0_17:1;0,PC,GPL,MEM,32,1,0,0.0199781276771214,0.121206399,0.099024600935081,0.127983487
PC 15:1;0_17:0;0,PC,GPL,MEM,32,1,0,NA,NA,NA,0.072627138
PC 16:0;0_16:1;0,PC,GPL,MEM,32,1,0,1.2885953792497,3.571004849,7.4394683181066,3.813848264
PC 14:0;0_18:2;0,PC,GPL,MEM,32,2,0,0.010186878957938,NA,0.0113797425601865,0.008497611
PC 14:1;0_18:1;0,PC,GPL,MEM,32,2,0,0.0379848102995286,0.061316931,0.106816911053323,0.035663788
PC 16:0;0_16:2;0,PC,GPL,MEM,32,2,0,0.0189313453207661,0.04086146,0.0270134122679956,0.026084695
PC 16:1;0_16:1;0,PC,GPL,MEM,32,2,0,0.111226916946543,0.514284223,0.274679280318591,0.379110389
PC 16:1;0_16:2;0,PC,GPL,MEM,32,3,0,NA,0.064686582,NA,0.027605537
PC 15:0;0_18:0;0,PC,GPL,MEM,33,0,0,NA,0.09349005,NA,0.097748604
PC 16:0;0_17:0;0,PC,GPL,MEM,33,0,0,NA,NA,0.910679351569822,0.556947875
PC 13:0;0_20:1;0,PC,GPL,MEM,33,1,0,0.00585199004732077,NA,NA,NA
PC 14:0;0_19:1;0,PC,GPL,MEM,33,1,0,0.00308540900603567,0.005509999,NA,0.004186696
PC 15:0;0_18:1;0,PC,GPL,MEM,33,1,0,0.601130345758874,0.952248216,1.20616080470938,1.353280729
PC 15:1;0_18:0;0,PC,GPL,MEM,33,1,0,NA,NA,NA,NA
PC 16:0;0_17:1;0,PC,GPL,MEM,33,1,0,0.172701703449447,0.403755486,0.531881643980112,0.431823411
PC 16:1;0_17:0;0,PC,GPL,MEM,33,1,0,0.116313577364683,0.299733615,0.323322910477081,0.410939479
PC 15:0;0_18:2;0,PC,GPL,MEM,33,2,0,0.0241735229017479,0.005611735,0.0356370066280196,0.005735965
PC 15:1;0_18:1;0,PC,GPL,MEM,33,2,0,NA,0.202438401,NA,0.188950559
PC 16:0;0_17:2;0,PC,GPL,MEM,33,2,0,NA,0.018450765,NA,0.010667197
PC 16:1;0_17:1;0,PC,GPL,MEM,33,2,0,0.328372674620671,0.085687849,0.471569222071335,0.069568937
PC 16:2;0_17:1;0,PC,GPL,MEM,33,3,0,0.0431271017040048,NA,NA,0.052781169
PC 15:0;0_19:0;0,PC,GPL,MEM,34,0,0,NA,NA,NA,0.011142793
PC 14:0;0_20:1;0,PC,GPL,MEM,34,1,0,0.0345577694591578,0.01658122,0.0712256432063099,0.026514943
PC 15:0;0_19:1;0,PC,GPL,MEM,34,1,0,NA,0.019668172,0.0150131104578097,0.021659892
PC 16:0;0_18:1;0,PC,GPL,MEM,34,1,0,7.62450283978333,4.808048809,12.9299546177139,6.5814139
PC 16:1;0_18:0;0,PC,GPL,MEM,34,1,0,0.55110627238605,0.597546981,1.0780367675535,0.646489432
PC 17:0;0_17:1;0,PC,GPL,MEM,34,1,0,0.0282399844450563,0.09173672,0.0619569916798975,0.081242445
PC 14:0;0_20:2;0,PC,GPL,MEM,34,2,0,0.00536950298763985,NA,0.00944863269099802,0.005485501
PC 14:1;0_20:1;0,PC,GPL,MEM,34,2,0,NA,NA,NA,NA
PC 16:0;0_18:2;0,PC,GPL,MEM,34,2,0,0.0874615428537605,0.110644697,0.136319434995092,0.112475548
PC 16:1;0_18:1;0,PC,GPL,MEM,34,2,0,2.40196736562487,2.744444398,2.49486928308859,3.252748804
PC 16:2;0_18:0;0,PC,GPL,MEM,34,2,0,0.00896680650535472,NA,NA,0.006958405
PC 17:1;0_17:1;0,PC,GPL,MEM,34,2,0,0.0102815906855373,0.036704373,0.0172268165019002,0.030049718
PC 14:0;0_20:3;0,PC,GPL,MEM,34,3,0,NA,NA,NA,NA
PC 16:0;0_18:3;0,PC,GPL,MEM,34,3,0,NA,NA,0.00502760954975018,0.006352266
PC 16:1;0_18:2;0,PC,GPL,MEM,34,3,0,0.0217624281652028,0.047099455,0.0218058975416014,0.038342127
PC 16:2;0_18:1;0,PC,GPL,MEM,34,3,0,0.033699026709246,0.085380927,0.0194358962213108,0.044306527
PC 15:0;0_20:0;0,PC,GPL,MEM,35,0,0,NA,0.00149441,0.001728468467184,NA
PC 16:0;0_19:0;0,PC,GPL,MEM,35,0,0,0.00760160974058998,0.008991021,0.00845467465580031,0.006821955
PC 17:0;0_18:0;0,PC,GPL,MEM,35,0,0,0.0251188554257377,NA,0.0279954983047876,0.032521471
PC 13:0;0_22:1;0,PC,GPL,MEM,35,1,0,NA,NA,NA,NA
PC 14:0;0_21:1;0,PC,GPL,MEM,35,1,0,NA,NA,NA,NA
PC 15:0;0_20:1;0,PC,GPL,MEM,35,1,0,0.0602929183984359,0.085866574,0.0622682740477345,0.131083255
PC 16:0;0_19:1;0,PC,GPL,MEM,35,1,0,0.0430092308213007,0.060486593,0.0612533195013001,0.034879713
PC 16:1;0_19:0;0,PC,GPL,MEM,35,1,0,0.0183592976740636,0.028022613,0.0277568961681544,0.036128326
PC 17:0;0_18:1;0,PC,GPL,MEM,35,1,0,0.745969310724476,0.67388698,0.802409491474665,1.079382121
PC 17:1;0_18:0;0,PC,GPL,MEM,35,1,0,0.0581309763735118,0.096983678,0.0826163250501679,0.078043162
PC 15:0;0_20:2;0,PC,GPL,MEM,35,2,0,0.00699898156701819,NA,0.00783361477936206,0.009770004
PC 16:0;0_19:2;0,PC,GPL,MEM,35,2,0,0.00584153259929312,NA,NA,0.007687937
PC 16:1;0_19:1;0,PC,GPL,MEM,35,2,0,0.0366931213430357,0.044126743,0.0389592202943348,0.044953996
PC 17:0;0_18:2;0,PC,GPL,MEM,35,2,0,0.0102560387640336,0.025291278,0.0105805766333686,0.021769203
PC 17:1;0_18:1;0,PC,GPL,MEM,35,2,0,0.546666192989334,0.619498484,0.406172962515942,0.585469609
PC 17:1;0_18:2;0,PC,GPL,MEM,35,3,0,0.0168477259388103,NA,NA,0.013392984
PC 14:0;0_22:1;0,PC,GPL,MEM,36,1,0,0.0176875862789038,NA,0.00906317342749967,0.012565016
PC 15:0;0_21:1;0,PC,GPL,MEM,36,1,0,NA,NA,NA,0.005024629
PC 16:0;0_20:1;0,PC,GPL,MEM,36,1,0,0.249822126812872,0.071897582,0.149111215285337,0.083391297
PC 16:1;0_20:0;0,PC,GPL,MEM,36,1,0,0.0428071143164041,0.022353312,0.0539504611245593,0.035759523
PC 17:0;0_19:1;0,PC,GPL,MEM,36,1,0,0.0081620838033102,0.014972796,NA,0.011343612
PC 17:1;0_19:0;0,PC,GPL,MEM,36,1,0,NA,0.005909743,NA,0.003930956
PC 18:0;0_18:1;0,PC,GPL,MEM,36,1,0,1.83875648959553,0.771361193,1.50107983980398,0.83934779
PC 16:0;0_20:2;0,PC,GPL,MEM,36,2,0,0.0867693840610181,0.049761957,0.048131319456203,0.034542263
PC 16:1;0_20:1;0,PC,GPL,MEM,36,2,0,0.329488831885696,0.206850036,0.345619953844293,0.363139169
PC 17:1;0_19:1;0,PC,GPL,MEM,36,2,0,NA,NA,NA,0.012217641
PC 18:0;0_18:2;0,PC,GPL,MEM,36,2,0,0.0453662489040382,0.034609511,0.0306200353900939,0.027254509
PC 18:1;0_18:1;0,PC,GPL,MEM,36,2,0,6.1744940204886,4.117890616,3.89421610908425,5.805554716
PC 16:0;0_20:3;0,PC,GPL,MEM,36,3,0,0.0254868899355634,0.029623142,0.012682542409332,0.020106019
PC 16:1;0_20:2;0,PC,GPL,MEM,36,3,0,0.022173587078294,0.019682649,0.0177132644847687,0.027870208
PC 16:2;0_20:1;0,PC,GPL,MEM,36,3,0,NA,NA,NA,0.00236909
PC 17:0;0_19:3;0,PC,GPL,MEM,36,3,0,NA,NA,NA,NA
PC 18:0;0_18:3;0,PC,GPL,MEM,36,3,0,0.00403421646881473,NA,NA,NA
PC 18:1;0_18:2;0,PC,GPL,MEM,36,3,0,0.173055883488868,0.127137875,0.0875364340119446,0.17088829
PC 16:1;0_20:3;0,PC,GPL,MEM,36,4,0,0.00273040368530114,NA,NA,NA
PC 18:1;0_18:3;0,PC,GPL,MEM,36,4,0,0.0138454760538874,NA,NA,NA
PC 13:0;0_24:1;0,PC,GPL,MEM,37,1,0,0.00350893731603614,NA,NA,0.005448984
PC 15:0;0_22:1;0,PC,GPL,MEM,37,1,0,0.0319791943937281,0.01028858,0.0109773469254685,0.057780383
PC 16:0;0_21:1;0,PC,GPL,MEM,37,1,0,0.0104109832079489,NA,NA,0.011770318
PC 16:1;0_21:0;0,PC,GPL,MEM,37,1,0,NA,NA,NA,0.013874416
PC 17:0;0_20:1;0,PC,GPL,MEM,37,1,0,0.0652299686501045,0.028183839,0.0302032668597156,0.051693795
PC 17:1;0_20:0;0,PC,GPL,MEM,37,1,0,0.00517217967399194,NA,NA,NA
PC 18:0;0_19:1;0,PC,GPL,MEM,37,1,0,0.0107005938500657,0.020311358,0.0133079142289664,0.006655749
PC 18:1;0_19:0;0,PC,GPL,MEM,37,1,0,0.106862479069076,0.03940373,0.0543564810860998,0.076971742
PC 15:0;0_22:2;0,PC,GPL,MEM,37,2,0,0.00530605272307546,NA,NA,0.010317275
PC 16:1;0_21:1;0,PC,GPL,MEM,37,2,0,NA,NA,NA,0.02744276
PC 17:0;0_20:2;0,PC,GPL,MEM,37,2,0,0.0132992367203012,0.01536842,0.0217138448551678,0.009750157
PC 17:1;0_20:1;0,PC,GPL,MEM,37,2,0,0.0643868677864102,0.049906597,0.0325512674359728,0.043726519
PC 18:0;0_19:2;0,PC,GPL,MEM,37,2,0,0.00647756826699388,NA,NA,NA
PC 18:1;0_19:1;0,PC,GPL,MEM,37,2,0,0.210241271400231,0.126572204,0.114695460035486,0.128289729
PC 17:0;0_20:3;0,PC,GPL,MEM,37,3,0,0.00383366428573028,NA,NA,0.001802336
PC 17:1;0_20:2;0,PC,GPL,MEM,37,3,0,0.00649859504302553,NA,NA,0.001171146
PC 18:1;0_19:2;0,PC,GPL,MEM,37,3,0,0.0209747438512235,NA,NA,0.013140713
PC 18:2;0_19:1;0,PC,GPL,MEM,37,3,0,NA,NA,NA,5.91548e-4
PC 17:0;0_20:5;0,PC,GPL,MEM,37,5,0,NA,NA,NA,NA
PC 14:0;0_24:1;0,PC,GPL,MEM,38,1,0,0.0109474796602612,NA,NA,0.02212821
PC 16:0;0_22:1;0,PC,GPL,MEM,38,1,0,0.0575066381569099,0.039425969,0.0228151038237474,0.041396127
PC 16:1;0_22:0;0,PC,GPL,MEM,38,1,0,0.0478010288979578,NA,0.0165836962830429,0.041787326
PC 17:0;0_21:1;0,PC,GPL,MEM,38,1,0,0.00405982466328275,NA,NA,0.002027328
PC 18:0;0_20:1;0,PC,GPL,MEM,38,1,0,NA,0.032164562,NA,NA
PC 18:1;0_20:0;0,PC,GPL,MEM,38,1,0,0.191717847132765,NA,0.0441963569083174,0.044000285
PC 14:0;0_24:2;0,PC,GPL,MEM,38,2,0,NA,NA,NA,0.011652301
PC 16:0;0_22:2;0,PC,GPL,MEM,38,2,0,0.0302770151401931,NA,0.0251734819688921,0.026884305
PC 16:1;0_22:1;0,PC,GPL,MEM,38,2,0,0.298669712975328,0.042418556,0.0680428510232801,0.255689284
PC 18:0;0_20:2;0,PC,GPL,MEM,38,2,0,0.056154280951336,0.028054727,0.0137501178603466,0.011872492
PC 18:1;0_20:1;0,PC,GPL,MEM,38,2,0,1.47539385316706,0.449640555,0.407424719327765,0.688868953
PC 18:2;0_20:0;0,PC,GPL,MEM,38,2,0,NA,NA,NA,NA
PC 16:0;0_22:3;0,PC,GPL,MEM,38,3,0,0.00550718594948948,NA,NA,0.006992892
PC 16:1;0_22:2;0,PC,GPL,MEM,38,3,0,0.0134733086444591,NA,NA,0.024054385
PC 16:2;0_22:1;0,PC,GPL,MEM,38,3,0,NA,NA,NA,NA
PC 18:0;0_20:3;0,PC,GPL,MEM,38,3,0,0.0214571862921043,0.013424648,NA,0.006259064
PC 18:1;0_20:2;0,PC,GPL,MEM,38,3,0,0.147484638714944,0.058027824,0.0414820795539378,0.06592779
PC 18:2;0_20:1;0,PC,GPL,MEM,38,3,0,0.0226572588670103,0.00847717,0.00900524156178526,0.011778394
PC 18:1;0_20:3;0,PC,GPL,MEM,38,4,0,0.0531350506161927,NA,NA,0.020690227
PC 18:2;0_20:2;0,PC,GPL,MEM,38,4,0,NA,NA,NA,NA
PC 15:0;0_24:1;0,PC,GPL,MEM,39,1,0,0.00671873354744611,NA,0.0151051631442433,0.056125451
PC 17:0;0_22:1;0,PC,GPL,MEM,39,1,0,0.0198783547124966,NA,0.0114675458817289,0.019345318
PC 17:1;0_22:0;0,PC,GPL,MEM,39,1,0,0.00248686961273056,NA,NA,0.004930616
PC 18:0;0_21:1;0,PC,GPL,MEM,39,1,0,0.00394774989590114,NA,NA,NA
PC 18:1;0_21:0;0,PC,GPL,MEM,39,1,0,0.0202342089558493,NA,NA,NA
PC 19:0;0_20:1;0,PC,GPL,MEM,39,1,0,0.00486420107016238,NA,NA,NA
PC 15:0;0_24:2;0,PC,GPL,MEM,39,2,0,NA,NA,NA,0.005247409
PC 16:1;0_23:1;0,PC,GPL,MEM,39,2,0,NA,NA,NA,0.040762233
PC 17:0;0_22:2;0,PC,GPL,MEM,39,2,0,0.00426744925915799,NA,NA,0.001862059
PC 17:1;0_22:1;0,PC,GPL,MEM,39,2,0,0.0264400434026619,NA,NA,0.010369481
PC 18:1;0_21:1;0,PC,GPL,MEM,39,2,0,0.0635592916013392,NA,NA,0.01708421
PC 19:1;0_20:1;0,PC,GPL,MEM,39,2,0,0.00939547396879271,NA,NA,0.001383155
PC 16:0;0_24:0;0,PC,GPL,MEM,40,0,0,NA,NA,NA,0.023721693
PC 16:0;0_24:1;0,PC,GPL,MEM,40,1,0,0.0648460658302996,0.032926987,0.0271042789465564,0.303510576
PC 16:1;0_24:0;0,PC,GPL,MEM,40,1,0,0.0350446817714747,0.005056571,0.0173646765074836,0.245003104
PC 18:0;0_22:1;0,PC,GPL,MEM,40,1,0,NA,NA,NA,0.015854771
PC 18:1;0_22:0;0,PC,GPL,MEM,40,1,0,0.0569048730574414,NA,0.0248403284835103,0.05699491
PC 16:0;0_24:2;0,PC,GPL,MEM,40,2,0,0.0460772887746945,NA,0.0213616318060804,0.162561867
PC 16:1;0_24:1;0,PC,GPL,MEM,40,2,0,0.132933145402196,0.021337534,0.0313943286756735,0.520018535
PC 18:0;0_22:2;0,PC,GPL,MEM,40,2,0,0.0131017006349125,NA,0.00249107581306789,0.004667597
PC 18:1;0_22:1;0,PC,GPL,MEM,40,2,0,0.567807416909178,0.059375,0.0797966181517133,0.306529588
PC 20:1;0_20:1;0,PC,GPL,MEM,40,2,0,0.0304632659989195,0.003672938,0.00141786356537053,0.001880338
PC 16:1;0_24:2;0,PC,GPL,MEM,40,3,0,0.0149170611354762,NA,NA,0.040982398
PC 18:0;0_22:3;0,PC,GPL,MEM,40,3,0,0.00323246557864205,NA,NA,NA
PC 18:1;0_22:2;0,PC,GPL,MEM,40,3,0,0.0494186322169891,NA,NA,0.03512101
PC 18:2;0_22:1;0,PC,GPL,MEM,40,3,0,0.0106681146933596,NA,NA,0.006942785
PC 20:1;0_20:2;0,PC,GPL,MEM,40,3,0,0.0137676009308244,NA,NA,0.001614254
PC 18:1;0_22:3;0,PC,GPL,MEM,40,4,0,0.0118390605151365,NA,NA,NA
PC 20:1;0_20:3;0,PC,GPL,MEM,40,4,0,0.00707959308783606,NA,NA,NA
PC 20:2;0_20:2;0,PC,GPL,MEM,40,4,0,NA,NA,NA,NA
PC 17:0;0_24:1;0,PC,GPL,MEM,41,1,0,0.0159218338926161,NA,0.0281273597328633,0.042364675
PC 17:1;0_24:0;0,PC,GPL,MEM,41,1,0,0.00302470712636653,NA,NA,0.042749573
PC 18:1;0_23:0;0,PC,GPL,MEM,41,1,0,0.0103553981723172,NA,NA,0.088961423
PC 17:0;0_24:2;0,PC,GPL,MEM,41,2,0,NA,NA,NA,0.006420372
PC 17:1;0_24:1;0,PC,GPL,MEM,41,2,0,0.00830358733316178,NA,NA,0.033876317
PC 18:1;0_23:1;0,PC,GPL,MEM,41,2,0,0.0239591155823064,NA,NA,0.081649177
PC 19:1;0_22:1;0,PC,GPL,MEM,41,2,0,NA,NA,NA,NA
PC 18:0;0_24:1;0,PC,GPL,MEM,42,1,0,0.0585921935845934,NA,0.030991807139366,0.319634363
PC 18:1;0_24:0;0,PC,GPL,MEM,42,1,0,0.126696476034759,0.052690185,0.0783180239245685,0.88597655
PC 18:0;0_24:2;0,PC,GPL,MEM,42,2,0,0.0229170281892443,NA,NA,0.116402367
PC 18:1;0_24:1;0,PC,GPL,MEM,42,2,0,0.220280059228758,0.048145768,0.105816385276035,1.158697976
PC 18:2;0_24:0;0,PC,GPL,MEM,42,2,0,NA,NA,NA,0.041901814
PC 20:1;0_22:1;0,PC,GPL,MEM,42,2,0,0.0059426581129177,NA,NA,NA
PC 18:1;0_24:2;0,PC,GPL,MEM,42,3,0,0.0318642243989823,NA,NA,0.096874113
PC 18:2;0_24:1;0,PC,GPL,MEM,42,3,0,0.00337765648604754,NA,NA,0.03328497
PC 20:1;0_22:2;0,PC,GPL,MEM,42,3,0,NA,NA,NA,NA
PC 20:2;0_22:1;0,PC,GPL,MEM,42,3,0,NA,NA,NA,NA
PC O-16:0;0/16:0;0,PC O-,GPL,MEM,32,0,0,0.00581772347480196,0.12986763,0.0517039476591716,0.016770972
PC O-17:0;0/15:0;0,PC O-,GPL,MEM,32,0,0,0.00817909954899921,0.148959337,0.0813164604215118,0.034073383
PC O-18:0;0/14:0;0,PC O-,GPL,MEM,32,0,0,0.00107174199658543,0.018912984,0.00630190051115787,0.001823457
PC O-16:0;0/16:1;0,PC O-,GPL,MEM,32,1,0,0.130214802944405,0.669446461,1.03718479193101,0.287679323
PC O-16:1;0/16:0;0,PC O-,GPL,MEM,32,1,0,0.0424757284902603,0.238295998,0.393191194492174,0.049325332
PC O-17:0;0/15:1;0,PC O-,GPL,MEM,32,1,0,0.00197776877069894,0.01430026,0.0153003925557772,0.006975621
PC O-17:1;0/15:0;0,PC O-,GPL,MEM,32,1,0,0.0187238665684314,0.189959,0.148286302110973,0.091735493
PC O-18:0;0/14:1;0,PC O-,GPL,MEM,32,1,0,NA,NA,0.003221836575377,7.58378e-4
PC O-18:1;0/14:0;0,PC O-,GPL,MEM,32,1,0,0.00843266685802044,0.026615553,0.0411384293028973,0.009213789
PC O-16:0;0/16:2;0,PC O-,GPL,MEM,32,2,0,NA,0.004594891,0.00551818285836989,0.004825125
PC O-16:1;0/16:1;0,PC O-,GPL,MEM,32,2,0,0.0921324572797789,0.615964745,1.48530648340007,0.619085989
PC O-16:2;0/16:0;0,PC O-,GPL,MEM,32,2,0,0.00596655647500904,0.018569741,0.0584740441476168,0.008626237
PC O-17:1;0/15:1;0,PC O-,GPL,MEM,32,2,0,NA,0.005837607,NA,0.002582884
PC O-17:2;0/15:0;0,PC O-,GPL,MEM,32,2,0,NA,NA,NA,0.004416139
PC O-18:1;0/14:1;0,PC O-,GPL,MEM,32,2,0,NA,NA,NA,9.6895e-4
PC O-18:2;0/14:0;0,PC O-,GPL,MEM,32,2,0,0.00121778199309717,0.008687933,0.0181734668285913,0.010794829
PC O-16:1;0/16:2;0,PC O-,GPL,MEM,32,3,0,NA,0.01468812,0.00506712402436353,0.003748793
PC O-16:2;0/16:1;0,PC O-,GPL,MEM,32,3,0,0.0146970691405485,0.05261885,0.136910627140602,0.026537476
PC O-16:0;0/17:0;0,PC O-,GPL,MEM,33,0,0,NA,NA,0.00567764765121266,NA
PC O-17:0;0/16:0;0,PC O-,GPL,MEM,33,0,0,NA,0.069782715,0.0504572626699603,0.036087879
PC O-18:0;0/15:0;0,PC O-,GPL,MEM,33,0,0,NA,NA,0.00250713050067097,0.005230166
PC O-16:0;0/17:1;0,PC O-,GPL,MEM,33,1,0,2.4695404948905e-4,0.003062102,0.00158384609353281,0.001981028
PC O-16:1;0/17:0;0,PC O-,GPL,MEM,33,1,0,1.5533578450591e-4,0.017188213,0.00168776016240969,0.00194906
PC O-17:0;0/16:1;0,PC O-,GPL,MEM,33,1,0,0.0219209700831196,0.105921684,0.129642639779258,0.076259749
PC O-17:1;0/16:0;0,PC O-,GPL,MEM,33,1,0,0.00970208970136273,0.043683343,0.0532983415494807,0.03046583
PC O-18:0;0/15:1;0,PC O-,GPL,MEM,33,1,0,NA,NA,NA,8.33195e-5
PC O-18:1;0/15:0;0,PC O-,GPL,MEM,33,1,0,2.4332513005522e-4,0.002015764,8.5123563945402e-4,0.001600425
PC O-16:1;0/17:1;0,PC O-,GPL,MEM,33,2,0,0.00103589403722828,0.014335795,0.0139711578427117,0.014382217
PC O-16:2;0/17:0;0,PC O-,GPL,MEM,33,2,0,2.4447368955947e-4,0.001735352,0.00131434321832833,8.04593e-4
PC O-17:0;0/16:2;0,PC O-,GPL,MEM,33,2,0,9.3019909230765e-4,0.004079091,0.00499676887517687,0.003815752
PC O-17:1;0/16:1;0,PC O-,GPL,MEM,33,2,0,0.0166780106742077,0.137532815,0.105123959312795,0.120744308
PC O-17:2;0/16:0;0,PC O-,GPL,MEM,33,2,0,0.00190847477522692,0.006848292,0.00534167031982448,0.004492041
PC O-18:2;0/15:0;0,PC O-,GPL,MEM,33,2,0,NA,0.002526588,0.00131288715527085,0.006524603
PC O-16:2;0/17:1;0,PC O-,GPL,MEM,33,3,0,0.0243291612678974,0.013439915,0.0160631252445158,0.003263036
PC O-17:1;0/16:2;0,PC O-,GPL,MEM,33,3,0,NA,0.012484875,0.0147757613772331,0.003007715
PC O-17:2;0/16:1;0,PC O-,GPL,MEM,33,3,0,0.0806790803407375,0.046529049,0.103197906366623,0.021787678
PC O-16:0;0/18:0;0,PC O-,GPL,MEM,34,0,0,NA,0.00605957,NA,NA
PC O-17:0;0/17:0;0,PC O-,GPL,MEM,34,0,0,NA,0.043245736,NA,NA
PC O-18:0;0/16:0;0,PC O-,GPL,MEM,34,0,0,NA,0.053950364,NA,NA
PC O-16:0;0/18:1;0,PC O-,GPL,MEM,34,1,0,0.159336766544938,0.470887952,0.671229487500251,0.201113383
PC O-16:1;0/18:0;0,PC O-,GPL,MEM,34,1,0,NA,NA,NA,NA
PC O-17:0;0/17:1;0,PC O-,GPL,MEM,34,1,0,0.0268252807907561,0.134012209,0.189737575259409,0.061846315
PC O-17:1;0/17:0;0,PC O-,GPL,MEM,34,1,0,0.010441138857289,0.068526353,0.0601901141019076,0.03183565
PC O-18:0;0/16:1;0,PC O-,GPL,MEM,34,1,0,0.029375813939256,0.13055425,0.160963725018984,0.063475632
PC O-18:1;0/16:0;0,PC O-,GPL,MEM,34,1,0,0.032294826453678,0.134158308,0.174070470857295,0.038308397
PC O-16:0;0/18:2;0,PC O-,GPL,MEM,34,2,0,0.0046405992811167,0.012641927,0.0179951097200125,0.014290121
PC O-16:1;0/18:1;0,PC O-,GPL,MEM,34,2,0,0.22615584641343,0.668147447,1.68761019946196,0.734648196
PC O-16:2;0/18:0;0,PC O-,GPL,MEM,34,2,0,NA,0.008387055,0.0186118576532547,NA
PC O-17:0;0/17:2;0,PC O-,GPL,MEM,34,2,0,NA,0.00255957,NA,0.002491656
PC O-17:1;0/17:1;0,PC O-,GPL,MEM,34,2,0,0.0122583760112656,0.067902647,0.0372190904717891,0.057641678
PC O-17:2;0/17:0;0,PC O-,GPL,MEM,34,2,0,0.0035109484918015,0.033522927,0.00645519724358395,0.006411288
PC O-18:1;0/16:1;0,PC O-,GPL,MEM,34,2,0,0.0757746564212201,0.217955412,0.295668329837355,0.215837518
PC O-18:2;0/16:0;0,PC O-,GPL,MEM,34,2,0,0.0111287252219504,0.058992933,0.060677813650873,0.039441681
PC O-16:1;0/18:2;0,PC O-,GPL,MEM,34,3,0,0.00165964488395431,0.022151551,0.0179867987251446,0.020031419
PC O-16:2;0/18:1;0,PC O-,GPL,MEM,34,3,0,0.0205660423018985,0.049362777,0.156454189335406,0.033961694
PC O-17:2;0/17:1;0,PC O-,GPL,MEM,34,3,0,3.8005815265624e-4,0.009486276,0.0014472979974118,0.002043087
PC O-18:1;0/16:2;0,PC O-,GPL,MEM,34,3,0,4.1147615608966e-4,NA,NA,0.001253285
PC O-18:2;0/16:1;0,PC O-,GPL,MEM,34,3,0,0.0114820888039248,0.168457609,0.119483081786139,0.242062471
PC O-16:1;0/19:1;0,PC O-,GPL,MEM,35,2,0,NA,6.64311e-4,NA,3.02571e-4
PC O-17:0;0/18:2;0,PC O-,GPL,MEM,35,2,0,5.9062455093049e-4,0.004492062,0.00637758003111547,0.004805796
PC O-17:1;0/18:1;0,PC O-,GPL,MEM,35,2,0,0.0147622059291611,0.097882583,0.0799391059719363,0.089198803
PC O-17:2;0/18:0;0,PC O-,GPL,MEM,35,2,0,6.77992708716757e-5,9.26508e-4,NA,2.79713e-4
PC O-18:1;0/17:1;0,PC O-,GPL,MEM,35,2,0,1.2013020892294e-4,0.002967039,0.00118168214753875,0.001861373
PC O-18:2;0/17:0;0,PC O-,GPL,MEM,35,2,0,4.77095260612278e-5,0.005248513,0.00121692844652044,0.001311023
PC O-16:1;0/19:2;0,PC O-,GPL,MEM,35,3,0,NA,NA,NA,5.64469e-4
PC O-17:0;0/18:3;0,PC O-,GPL,MEM,35,3,0,NA,NA,0.00391885720165476,0.001264079
PC O-17:1;0/18:2;0,PC O-,GPL,MEM,35,3,0,0.0194593735243921,0.011828423,0.0199284694282563,0.011300013
PC O-17:2;0/18:1;0,PC O-,GPL,MEM,35,3,0,0.0625081525854286,0.043667418,0.0597239772488417,0.030523213
PC O-18:2;0/17:1;0,PC O-,GPL,MEM,35,3,0,0.00379069371743224,0.013252632,0.0140217151531915,0.019130334
PC O-16:0;0/20:1;0,PC O-,GPL,MEM,36,1,0,0.00366852977361179,0.025157428,0.00771087786411729,0.004238175
PC O-16:1;0/20:0;0,PC O-,GPL,MEM,36,1,0,NA,NA,NA,NA
PC O-17:0;0/19:1;0,PC O-,GPL,MEM,36,1,0,0.0026787406089,0.003107495,0.00293486681019883,0.001045003
PC O-17:1;0/19:0;0,PC O-,GPL,MEM,36,1,0,4.1794409235643e-4,9.51297e-4,7.1829957798852e-4,4.98891e-4
PC O-18:0;0/18:1;0,PC O-,GPL,MEM,36,1,0,0.0637748203843533,0.16060565,0.130467552953623,0.052834074
PC O-18:1;0/18:0;0,PC O-,GPL,MEM,36,1,0,0.00342438136009964,0.022558758,0.0105680773619548,0.002090283
PC O-16:0;0/20:2;0,PC O-,GPL,MEM,36,2,0,0.00163355637143306,0.005124851,0.0053272091440556,0.002511937
PC O-16:1;0/20:1;0,PC O-,GPL,MEM,36,2,0,0.00789428243110721,0.034731122,0.0549709166019818,0.02243417
PC O-16:2;0/20:0;0,PC O-,GPL,MEM,36,2,0,NA,NA,NA,NA
PC O-17:0;0/19:2;0,PC O-,GPL,MEM,36,2,0,5.519855857347e-4,NA,NA,0.001043567
PC O-17:1;0/19:1;0,PC O-,GPL,MEM,36,2,0,0.0031004365513116,0.005554668,0.00648569373748059,0.005284625
PC O-18:0;0/18:2;0,PC O-,GPL,MEM,36,2,0,0.00196741154848344,0.007392375,0.00678141273190552,0.00752835
PC O-18:1;0/18:1;0,PC O-,GPL,MEM,36,2,0,0.123309997013433,0.232516928,0.351531207797469,0.200707485
PC O-18:2;0/18:0;0,PC O-,GPL,MEM,36,2,0,NA,0.011014286,NA,NA
PC O-16:0;0/20:3;0,PC O-,GPL,MEM,36,3,0,0.00148948276539854,0.00439209,NA,0.001908793
PC O-16:1;0/20:2;0,PC O-,GPL,MEM,36,3,0,0.00466708986230297,0.019989699,0.0126827301442466,0.010157968
PC O-16:2;0/20:1;0,PC O-,GPL,MEM,36,3,0,0.00176332865310957,0.004330838,0.00737916218978734,7.81597e-4
PC O-18:0;0/18:3;0,PC O-,GPL,MEM,36,3,0,NA,NA,NA,6.97684e-4
PC O-18:1;0/18:2;0,PC O-,GPL,MEM,36,3,0,0.00488960781407774,0.00973256,0.00849473296568199,0.010171754
PC O-18:2;0/18:1;0,PC O-,GPL,MEM,36,3,0,0.103537331585263,0.368050562,0.323564760725727,0.436499597
PC O-16:1;0/20:3;0,PC O-,GPL,MEM,36,4,0,0.0048560002013006,NA,NA,0.003819698
PC O-16:2;0/20:2;0,PC O-,GPL,MEM,36,4,0,NA,NA,NA,NA
PC O-18:2;0/18:2;0,PC O-,GPL,MEM,36,4,0,0.00849855284290331,NA,NA,0.01941418
PC O-17:0;0/20:1;0,PC O-,GPL,MEM,37,1,0,NA,NA,0.0730698258502239,0.051908357
PC O-17:1;0/20:0;0,PC O-,GPL,MEM,37,1,0,NA,NA,0.0102708587231529,0.007869399
PC O-18:0;0/19:1;0,PC O-,GPL,MEM,37,1,0,NA,NA,NA,0.004548264
PC O-17:0;0/20:2;0,PC O-,GPL,MEM,37,2,0,NA,NA,0.0221367996979683,0.011877068
PC O-17:1;0/20:1;0,PC O-,GPL,MEM,37,2,0,NA,NA,0.0869452418664352,0.071588608
PC O-18:1;0/19:1;0,PC O-,GPL,MEM,37,2,0,NA,NA,NA,0.003493892
PC O-17:0;0/20:3;0,PC O-,GPL,MEM,37,3,0,NA,NA,0.0252812835287128,0.012948754
PC O-17:1;0/20:2;0,PC O-,GPL,MEM,37,3,0,NA,NA,0.0127061657194127,0.013606344
PC O-17:2;0/20:1;0,PC O-,GPL,MEM,37,3,0,NA,NA,NA,0.00201056
PC O-18:0;0/19:3;0,PC O-,GPL,MEM,37,3,0,NA,NA,NA,NA
PC O-18:2;0/19:1;0,PC O-,GPL,MEM,37,3,0,NA,NA,NA,0.001966317
PC O-16:0;0/22:0;0,PC O-,GPL,MEM,38,0,0,NA,0.029774364,NA,NA
PC O-18:0;0/20:0;0,PC O-,GPL,MEM,38,0,0,NA,0.068445412,NA,NA
PC O-16:0;0/22:1;0,PC O-,GPL,MEM,38,1,0,0.00464034222355199,0.027761102,0.00882850999917287,NA
PC O-16:1;0/22:0;0,PC O-,GPL,MEM,38,1,0,NA,NA,NA,NA
PC O-17:0;0/21:1;0,PC O-,GPL,MEM,38,1,0,7.0446891990234e-4,NA,NA,NA
PC O-18:0;0/20:1;0,PC O-,GPL,MEM,38,1,0,0.0125178096935706,0.045185031,0.025857784672179,NA
PC O-18:1;0/20:0;0,PC O-,GPL,MEM,38,1,0,6.7077281872128e-4,NA,NA,NA
PC O-16:0;0/22:2;0,PC O-,GPL,MEM,38,2,0,0.00110630183782201,NA,NA,0.003779501
PC O-16:1;0/22:1;0,PC O-,GPL,MEM,38,2,0,0.00370069659871729,0.00643386,0.0116278409545806,0.004497975
PC O-17:1;0/21:1;0,PC O-,GPL,MEM,38,2,0,NA,NA,NA,0.001325039
PC O-18:0;0/20:2;0,PC O-,GPL,MEM,38,2,0,0.00358047690246207,0.005404236,0.00667367375038968,0.003201452
PC O-18:1;0/20:1;0,PC O-,GPL,MEM,38,2,0,0.0145479118216004,0.024972514,0.0269926034916736,0.016300135
PC O-16:1;0/22:2;0,PC O-,GPL,MEM,38,3,0,0.0023207073698174,0.008026663,0.0113148741873715,0.005879945
PC O-18:0;0/20:3;0,PC O-,GPL,MEM,38,3,0,0.00204574418073539,NA,NA,0.002152105
PC O-18:1;0/20:2;0,PC O-,GPL,MEM,38,3,0,0.00495946054347928,0.005354079,0.00586044707445599,0.007204307
PC O-18:2;0/20:1;0,PC O-,GPL,MEM,38,3,0,0.00499409605353914,0.025027132,0.0185169934129818,0.020240104
PC O-16:0;0/24:0;0,PC O-,GPL,MEM,40,0,0,NA,0.140373007,NA,NA
PC O-17:0;0/23:0;0,PC O-,GPL,MEM,40,0,0,NA,NA,NA,NA
PC O-18:0;0/22:0;0,PC O-,GPL,MEM,40,0,0,NA,0.017934321,NA,NA
PC O-16:0;0/24:1;0,PC O-,GPL,MEM,40,1,0,0.00443466154226586,0.045822822,0.00899061835290562,0.028213537
PC O-16:1;0/24:0;0,PC O-,GPL,MEM,40,1,0,0.00251684628740614,0.012621001,0.0203824213913922,0.007785505
PC O-18:0;0/22:1;0,PC O-,GPL,MEM,40,1,0,0.0121115655080119,0.032554923,0.00584585478223886,0.011802566
PC O-18:1;0/22:0;0,PC O-,GPL,MEM,40,1,0,0.001068488486916,NA,NA,0.002418973
PC O-16:0;0/24:2;0,PC O-,GPL,MEM,40,2,0,NA,NA,NA,0.013398736
PC O-16:1;0/24:1;0,PC O-,GPL,MEM,40,2,0,0.00591711684664982,NA,0.0190161909804835,0.025914779
PC O-17:1;0/23:1;0,PC O-,GPL,MEM,40,2,0,NA,NA,NA,0.00959092
PC O-18:0;0/22:2;0,PC O-,GPL,MEM,40,2,0,0.00391503599103033,NA,NA,0.009093924
PC O-18:1;0/22:1;0,PC O-,GPL,MEM,40,2,0,0.0157778163930578,NA,0.0104992099374679,0.043423918
PC O-18:0;0/24:0;0,PC O-,GPL,MEM,42,0,0,NA,0.105990913,NA,NA
PC O-18:0;0/24:1;0,PC O-,GPL,MEM,42,1,0,NA,0.146686408,0.0188878294676005,0.02709691
PC O-18:1;0/24:0;0,PC O-,GPL,MEM,42,1,0,NA,NA,0.0139462859464533,0.034663329
PC O-18:0;0/24:2;0,PC O-,GPL,MEM,42,2,0,NA,NA,NA,0.008661844
PC O-18:1;0/24:1;0,PC O-,GPL,MEM,42,2,0,0.0234134369805064,NA,NA,0.126395749
PC O-18:2;0/24:0;0,PC O-,GPL,MEM,42,2,0,NA,NA,NA,0.00725307
PC O-18:2;0/24:1;0,PC O-,GPL,MEM,42,3,0,0.0189936904375879,NA,NA,NA
PE 13:0;0_16:0;0,PE,GPL,MEM,29,0,0,NA,NA,NA,NA
PE 14:0;0_15:0;0,PE,GPL,MEM,29,0,0,NA,NA,NA,NA
PE 14:0;0_16:1;0,PE,GPL,MEM,30,1,0,NA,NA,NA,NA
PE 15:1;0_15:1;0,PE,GPL,MEM,30,2,0,0.00742181662073662,NA,NA,NA
PE 13:0;0_18:0;0,PE,GPL,MEM,31,0,0,NA,0.001836693,0.00206536435868979,0.001870834
PE 14:0;0_17:0;0,PE,GPL,MEM,31,0,0,NA,0.002743721,0.00287447315867044,0.001655711
PE 15:0;0_16:0;0,PE,GPL,MEM,31,0,0,NA,0.013736173,0.0105254570664734,0.008994858
PE 13:0;0_18:1;0,PE,GPL,MEM,31,1,0,0.00446367741434691,NA,NA,6.13115e-4
PE 14:0;0_17:1;0,PE,GPL,MEM,31,1,0,5.6017638206885e-4,0.002148757,NA,0.00107776
PE 15:0;0_16:1;0,PE,GPL,MEM,31,1,0,0.00840152826317379,0.013768286,NA,0.006445019
PE 14:0;0_18:0;0,PE,GPL,MEM,32,0,0,NA,0.009653277,0.00557150218153101,0.003367323
PE 15:0;0_17:0;0,PE,GPL,MEM,32,0,0,NA,0.00547349,0.002619387412303,0.004790289
PE 16:0;0_16:0;0,PE,GPL,MEM,32,0,0,NA,NA,0.00783692695964017,0.004848331
PE 14:0;0_18:1;0,PE,GPL,MEM,32,1,0,0.044276673788633,0.023668376,0.0380166956658848,0.012094109
PE 14:1;0_18:0;0,PE,GPL,MEM,32,1,0,NA,NA,0.00312035356189655,0.003332136
PE 15:0;0_17:1;0,PE,GPL,MEM,32,1,0,0.00353774074935257,0.011987291,0.0127960937234007,0.01123633
PE 16:0;0_16:1;0,PE,GPL,MEM,32,1,0,0.0850030709429441,0.133244922,0.216714748729058,0.06891097
PE 14:1;0_18:1;0,PE,GPL,MEM,32,2,0,0.112100305318121,NA,NA,0.001729164
PE 15:1;0_17:1;0,PE,GPL,MEM,32,2,0,NA,NA,NA,0.008770315
PE 16:1;0_16:1;0,PE,GPL,MEM,32,2,0,0.2577380720044,0.052685973,0.396855827702868,0.014058062
PE 16:0;0_17:0;0,PE,GPL,MEM,33,0,0,NA,NA,0.0191708622006769,0.009549939
PE 13:0;0_20:1;0,PE,GPL,MEM,33,1,0,5.391759527727e-4,NA,NA,NA
PE 15:0;0_18:1;0,PE,GPL,MEM,33,1,0,0.0424579635483011,0.007091458,0.0247472134558539,0.036595665
PE 16:0;0_17:1;0,PE,GPL,MEM,33,1,0,0.00583250495072515,0.004329022,0.00965436110313013,0.012380573
PE 16:1;0_17:0;0,PE,GPL,MEM,33,1,0,0.0108018418989025,0.004764117,0.0170345863791201,0.025328472
PE 16:1;0_17:1;0,PE,GPL,MEM,33,2,0,0.0255366072660068,0.050069797,0.0208087524827353,0.034721136
PE 14:0;0_20:1;0,PE,GPL,MEM,34,1,0,0.00722602399831278,NA,NA,NA
PE 15:0;0_19:1;0,PE,GPL,MEM,34,1,0,NA,NA,NA,NA
PE 16:0;0_18:1;0,PE,GPL,MEM,34,1,0,0.491710407638,0.354107645,0.444972035988409,0.185987529
PE 16:1;0_18:0;0,PE,GPL,MEM,34,1,0,0.218246614020482,0.198295273,0.316108049116635,0.138259886
PE 17:0;0_17:1;0,PE,GPL,MEM,34,1,0,0.0098693582574349,0.020879525,0.0133946552092859,0.01210595
PE 15:1;0_19:1;0,PE,GPL,MEM,34,2,0,NA,NA,NA,NA
PE 16:0;0_18:2;0,PE,GPL,MEM,34,2,0,0.012413007457628,NA,0.01396728245769,0.008198677
PE 16:1;0_18:1;0,PE,GPL,MEM,34,2,0,1.30517586388214,0.656427395,0.777405870864489,0.415162182
PE 16:2;0_18:0;0,PE,GPL,MEM,34,2,0,0.0028958733378845,NA,NA,0.003537868
PE 17:1;0_17:1;0,PE,GPL,MEM,34,2,0,0.0150545989197375,0.026578309,0.0240972811415258,0.013182996
PE 16:1;0_18:2;0,PE,GPL,MEM,34,3,0,0.00878124823695807,NA,NA,NA
PE 16:2;0_18:1;0,PE,GPL,MEM,34,3,0,0.0109672557779858,NA,NA,NA
PE 16:0;0_19:0;0,PE,GPL,MEM,35,0,0,NA,NA,NA,NA
PE 17:0;0_18:0;0,PE,GPL,MEM,35,0,0,NA,0.033340381,NA,0.015370499
PE 15:0;0_20:1;0,PE,GPL,MEM,35,1,0,0.0157241859272511,0.015915793,0.0164941422589244,0.017634546
PE 16:0;0_19:1;0,PE,GPL,MEM,35,1,0,0.0285198628611351,NA,NA,0.008806999
PE 16:1;0_19:0;0,PE,GPL,MEM,35,1,0,0.00522311669596322,0.011722844,NA,0.014542055
PE 17:0;0_18:1;0,PE,GPL,MEM,35,1,0,0.091621858378183,0.104942498,0.0804927988132444,0.070241179
PE 15:0;0_20:2;0,PE,GPL,MEM,35,2,0,NA,0.002032847,9.542810618612e-4,0.001232678
PE 16:1;0_19:1;0,PE,GPL,MEM,35,2,0,0.00451396646478849,0.008748185,NA,0.007788906
PE 17:0;0_18:2;0,PE,GPL,MEM,35,2,0,8.7792034306045e-4,0.003262428,NA,0.002436944
PE 17:1;0_18:1;0,PE,GPL,MEM,35,2,0,0.156202795302619,0.150763735,0.0610023447398224,0.068562181
PE 17:1;0_18:2;0,PE,GPL,MEM,35,3,0,0.00810274479490061,NA,NA,NA
PE 16:0;0_20:1;0,PE,GPL,MEM,36,1,0,0.0774861057299385,0.043701899,0.0874083213223213,0.038214901
PE 16:1;0_20:0;0,PE,GPL,MEM,36,1,0,NA,NA,NA,0.015566727
PE 17:0;0_19:1;0,PE,GPL,MEM,36,1,0,NA,0.006698399,NA,0.001691779
PE 18:0;0_18:1;0,PE,GPL,MEM,36,1,0,0.767119442421484,0.332716785,0.35436654139262,0.160662561
PE 16:0;0_20:2;0,PE,GPL,MEM,36,2,0,0.0148230979381949,0.059283006,0.0216965345040788,0.007785729
PE 16:1;0_20:1;0,PE,GPL,MEM,36,2,0,0.139776502588062,0.101687347,0.12473315124979,0.109964886
PE 17:1;0_19:1;0,PE,GPL,MEM,36,2,0,0.00881350363371151,0.047333986,NA,NA
PE 18:0;0_18:2;0,PE,GPL,MEM,36,2,0,0.035290596623304,0.022954251,0.0139842188289096,0.010228314
PE 18:1;0_18:1;0,PE,GPL,MEM,36,2,0,3.95216336118253,1.503491662,1.11562036771128,0.769742567
PE 16:0;0_20:3;0,PE,GPL,MEM,36,3,0,0.0130828195569987,NA,NA,NA
PE 16:1;0_20:2;0,PE,GPL,MEM,36,3,0,0.0162094227037318,0.013294484,0.0112653792181145,0.010638784
PE 17:1;0_19:2;0,PE,GPL,MEM,36,3,0,0.00147360613101637,NA,NA,0.00399909
PE 18:0;0_18:3;0,PE,GPL,MEM,36,3,0,0.00261796031335458,NA,NA,NA
PE 18:1;0_18:2;0,PE,GPL,MEM,36,3,0,0.146842202580263,0.046075514,0.0138516079511353,0.019394585
PE 16:1;0_20:3;0,PE,GPL,MEM,36,4,0,0.00420120565792214,NA,NA,NA
PE 18:1;0_18:3;0,PE,GPL,MEM,36,4,0,0.00670407460673512,NA,NA,NA
PE 18:2;0_18:2;0,PE,GPL,MEM,36,4,0,9.8128570380088e-4,NA,NA,NA
PE 15:0;0_22:1;0,PE,GPL,MEM,37,1,0,0.00222427482162942,0.001246291,0.00128667736837887,0.002474454
PE 16:1;0_21:0;0,PE,GPL,MEM,37,1,0,NA,NA,NA,NA
PE 17:0;0_20:1;0,PE,GPL,MEM,37,1,0,0.0115710240617927,0.008125161,0.0052980875104161,0.00768119
PE 18:0;0_19:1;0,PE,GPL,MEM,37,1,0,0.0134606835218896,0.00628152,0.00850766879527016,0.001838685
PE 18:1;0_19:0;0,PE,GPL,MEM,37,1,0,0.0236260542203263,0.01716755,NA,0.018539128
PE 15:0;0_22:2;0,PE,GPL,MEM,37,2,0,8.121738751719e-4,NA,NA,0.005256464
PE 16:1;0_21:1;0,PE,GPL,MEM,37,2,0,NA,NA,NA,NA
PE 17:0;0_20:2;0,PE,GPL,MEM,37,2,0,0.00222976060320795,0.005257529,NA,0.001667496
PE 17:1;0_20:1;0,PE,GPL,MEM,37,2,0,0.0259522360505341,0.016999088,NA,0.007633127
PE 18:0;0_19:2;0,PE,GPL,MEM,37,2,0,0.00140069235214281,NA,NA,NA
PE 18:1;0_19:1;0,PE,GPL,MEM,37,2,0,0.0412581120695389,0.020334258,NA,0.012219937
PE 17:0;0_20:3;0,PE,GPL,MEM,37,3,0,0.0013080696334769,NA,NA,NA
PE 17:1;0_20:2;0,PE,GPL,MEM,37,3,0,0.00582768945007636,NA,NA,NA
PE 18:0;0_19:3;0,PE,GPL,MEM,37,3,0,8.0095524373372e-4,NA,NA,NA
PE 18:1;0_19:2;0,PE,GPL,MEM,37,3,0,0.0086327502107278,NA,NA,NA
PE 18:2;0_19:1;0,PE,GPL,MEM,37,3,0,6.4445634242381e-4,NA,NA,NA
PE 16:0;0_22:1;0,PE,GPL,MEM,38,1,0,0.00485792180648965,NA,0.00352897946284614,0.002840599
PE 16:1;0_22:0;0,PE,GPL,MEM,38,1,0,0.00681342329862153,NA,NA,0.009812888
PE 17:0;0_21:1;0,PE,GPL,MEM,38,1,0,NA,NA,NA,NA
PE 18:0;0_20:1;0,PE,GPL,MEM,38,1,0,0.0430504585925862,0.009963579,0.00992552034784109,0.005387932
PE 18:1;0_20:0;0,PE,GPL,MEM,38,1,0,0.0628138406465281,0.026282445,0.0324921488174057,0.01956702
PE 16:0;0_22:2;0,PE,GPL,MEM,38,2,0,0.00502962560448146,NA,0.0221842951413894,NA
PE 16:1;0_22:1;0,PE,GPL,MEM,38,2,0,0.036184197977276,0.015997786,0.0300036599467615,0.030504319
PE 17:1;0_21:1;0,PE,GPL,MEM,38,2,0,0.0025045561388135,NA,NA,NA
PE 18:0;0_20:2;0,PE,GPL,MEM,38,2,0,0.0590977632148714,0.030064042,NA,0.003023531
PE 18:1;0_20:1;0,PE,GPL,MEM,38,2,0,0.551952042386323,0.175527785,0.128735230519587,0.151161852
PE 19:1;0_19:1;0,PE,GPL,MEM,38,2,0,7.2493862688507e-4,NA,NA,8.62562e-4
PE 16:0;0_22:3;0,PE,GPL,MEM,38,3,0,NA,NA,NA,NA
PE 16:1;0_22:2;0,PE,GPL,MEM,38,3,0,0.0114969488622123,0.024370654,NA,0.012676539
PE 18:0;0_20:3;0,PE,GPL,MEM,38,3,0,0.0424575160283957,0.008454901,NA,8.93719e-4
PE 18:1;0_20:2;0,PE,GPL,MEM,38,3,0,0.135327483448474,0.021439138,0.0151714067498053,0.005330799
PE 18:2;0_20:1;0,PE,GPL,MEM,38,3,0,0.0137498359888652,0.003634205,0.00121147277305629,0.001612182
PE 16:1;0_22:3;0,PE,GPL,MEM,38,4,0,0.0131805813458581,NA,NA,NA
PE 18:1;0_20:3;0,PE,GPL,MEM,38,4,0,0.0675028529906257,0.023529657,NA,NA
PE 18:2;0_20:2;0,PE,GPL,MEM,38,4,0,0.00157791572878934,NA,NA,NA
PE 18:3;0_20:1;0,PE,GPL,MEM,38,4,0,NA,NA,NA,NA
PE 15:0;0_24:1;0,PE,GPL,MEM,39,1,0,4.9272715754617e-4,NA,NA,0.002461242
PE 17:0;0_22:1;0,PE,GPL,MEM,39,1,0,0.00181107010325632,NA,NA,0.002506492
PE 17:1;0_22:0;0,PE,GPL,MEM,39,1,0,NA,NA,NA,NA
PE 18:0;0_21:1;0,PE,GPL,MEM,39,1,0,NA,NA,NA,NA
PE 18:1;0_21:0;0,PE,GPL,MEM,39,1,0,0.0057243969278622,NA,NA,NA
PE 19:0;0_20:1;0,PE,GPL,MEM,39,1,0,0.00126790330681825,NA,NA,0.001122226
PE 19:1;0_20:0;0,PE,GPL,MEM,39,1,0,NA,NA,NA,NA
PE 17:0;0_22:2;0,PE,GPL,MEM,39,2,0,0.00102519268419266,NA,NA,NA
PE 17:1;0_22:1;0,PE,GPL,MEM,39,2,0,0.00499142591803212,NA,NA,NA
PE 18:0;0_21:2;0,PE,GPL,MEM,39,2,0,NA,NA,NA,NA
PE 18:1;0_21:1;0,PE,GPL,MEM,39,2,0,0.0108454830811064,NA,NA,NA
PE 19:0;0_20:2;0,PE,GPL,MEM,39,2,0,NA,NA,NA,NA
PE 19:1;0_20:1;0,PE,GPL,MEM,39,2,0,0.00372731004809187,NA,NA,NA
PE 17:1;0_22:2;0,PE,GPL,MEM,39,3,0,0.00618935346077245,0.034569503,NA,NA
PE 19:1;0_20:2;0,PE,GPL,MEM,39,3,0,0.00147618702892321,NA,NA,NA
PE 19:2;0_20:1;0,PE,GPL,MEM,39,3,0,0.00156084354364798,NA,NA,NA
PE 16:0;0_24:1;0,PE,GPL,MEM,40,1,0,0.00310335242319526,NA,0.00405809877231367,0.002728516
PE 16:1;0_24:0;0,PE,GPL,MEM,40,1,0,0.0138642465837293,NA,0.0461868357092924,0.080348913
PE 18:0;0_22:1;0,PE,GPL,MEM,40,1,0,NA,NA,NA,NA
PE 18:1;0_22:0;0,PE,GPL,MEM,40,1,0,0.0247799842964142,NA,NA,0.011500986
PE 20:0;0_20:1;0,PE,GPL,MEM,40,1,0,0.00495866706138509,NA,NA,9.53401e-4
PE 16:1;0_24:1;0,PE,GPL,MEM,40,2,0,0.0171672684703146,NA,NA,0.055526131
PE 18:0;0_22:2;0,PE,GPL,MEM,40,2,0,0.00876881291077706,NA,NA,NA
PE 18:1;0_22:1;0,PE,GPL,MEM,40,2,0,0.0884246376559006,0.021535741,0.0235249042063412,0.048419911
PE 20:1;0_20:1;0,PE,GPL,MEM,40,2,0,0.0210182052263225,0.002775097,0.00154510649105437,0.006295539
PE 16:1;0_24:2;0,PE,GPL,MEM,40,3,0,0.0100282131729045,NA,NA,0.002987196
PE 18:0;0_22:3;0,PE,GPL,MEM,40,3,0,0.00262432898111555,NA,NA,NA
PE 18:1;0_22:2;0,PE,GPL,MEM,40,3,0,0.0258209555535217,NA,NA,0.011889175
PE 18:2;0_22:1;0,PE,GPL,MEM,40,3,0,0.00109301733929074,NA,NA,3.38521e-4
PE 20:1;0_20:2;0,PE,GPL,MEM,40,3,0,0.00418334015717465,NA,NA,4.9056e-4
PE 18:1;0_22:3;0,PE,GPL,MEM,40,4,0,0.0134972189936907,NA,NA,NA
PE 20:1;0_20:3;0,PE,GPL,MEM,40,4,0,0.00114344923648783,NA,NA,NA
PE 20:2;0_20:2;0,PE,GPL,MEM,40,4,0,1.2948410125007e-4,NA,NA,NA
PE 17:1;0_24:1;0,PE,GPL,MEM,41,2,0,NA,NA,NA,0.009920297
PE 19:1;0_22:1;0,PE,GPL,MEM,41,2,0,NA,NA,NA,NA
PE 17:1;0_24:2;0,PE,GPL,MEM,41,3,0,NA,NA,NA,NA
PE 18:0;0_24:1;0,PE,GPL,MEM,42,1,0,NA,NA,NA,NA
PE 18:1;0_24:0;0,PE,GPL,MEM,42,1,0,0.0255315806584978,NA,0.0293112339835213,0.119206664
PE 20:1;0_22:0;0,PE,GPL,MEM,42,1,0,8.6827369188523e-4,NA,NA,5.48498e-4
PE 18:0;0_24:2;0,PE,GPL,MEM,42,2,0,0.00429740345794546,NA,NA,0.003405057
PE 18:1;0_24:1;0,PE,GPL,MEM,42,2,0,0.0338717587374967,NA,NA,0.10276587
PE 18:2;0_24:0;0,PE,GPL,MEM,42,2,0,NA,NA,NA,0.013170791
PE 20:1;0_22:1;0,PE,GPL,MEM,42,2,0,0.00384706058099387,NA,NA,0.003698029
PE 18:1;0_24:2;0,PE,GPL,MEM,42,3,0,0.00771648916583114,NA,NA,0.0168117
PE 18:2;0_24:1;0,PE,GPL,MEM,42,3,0,1.2642945116286e-4,NA,NA,0.0012516
PE 20:1;0_22:2;0,PE,GPL,MEM,42,3,0,2.2549217772347e-4,NA,NA,9.13008e-4
PE 20:2;0_22:1;0,PE,GPL,MEM,42,3,0,8.12082244305861e-5,NA,NA,NA
PE 20:1;0_24:1;0,PE,GPL,MEM,44,2,0,0.0094613486324875,NA,NA,0.054003608
PE 24:0;0_24:0;0,PE,GPL,MEM,48,0,0,NA,NA,NA,NA
PE 24:1;0_24:1;0,PE,GPL,MEM,48,2,0,NA,NA,NA,NA
PE O-16:0;0/14:0;0,PE O-,GPL,MEM,30,0,0,NA,NA,NA,NA
PE O-17:0;0/13:0;0,PE O-,GPL,MEM,30,0,0,NA,NA,NA,NA
PE O-16:1;0/14:0;0,PE O-,GPL,MEM,30,1,0,0.0131932064684276,0.033271548,0.036003217847918,0.015190225
PE O-16:1;0/14:1;0,PE O-,GPL,MEM,30,2,0,NA,NA,0.00959217987252452,NA
PE O-16:1;0/15:0;0,PE O-,GPL,MEM,31,1,0,NA,0.012005941,0.0143928640993345,0.01620412
PE O-17:1;0/14:0;0,PE O-,GPL,MEM,31,1,0,NA,0.0022274870000000002,0.00222962831153066,0.001476628
PE O-18:1;0/13:0;0,PE O-,GPL,MEM,31,1,0,NA,0.001540132,5.3028431822172e-4,0.001449027
PE O-16:1;0/15:1;0,PE O-,GPL,MEM,31,2,0,NA,NA,NA,NA
PE O-16:0;0/16:1;0,PE O-,GPL,MEM,32,1,0,0.0174240196969962,0.018431943,0.0381133106087339,0.012164945
PE O-16:1;0/16:0;0,PE O-,GPL,MEM,32,1,0,NA,0.020520093,0.0244118116213764,0.00770483
PE O-17:1;0/15:0;0,PE O-,GPL,MEM,32,1,0,7.6933166916816e-4,0.003891492,0.00207260723874126,0.003213461
PE O-18:0;0/14:1;0,PE O-,GPL,MEM,32,1,0,NA,NA,NA,NA
PE O-18:1;0/14:0;0,PE O-,GPL,MEM,32,1,0,7.5168301911888e-4,0.002527075,0.00536569256659857,0.00223103
PE O-16:1;0/16:1;0,PE O-,GPL,MEM,32,2,0,0.465987219200955,0.508927636,1.18005728397382,0.385975613
PE O-18:1;0/14:1;0,PE O-,GPL,MEM,32,2,0,4.0191778520828e-4,6.73973e-4,NA,0.001611748
PE O-18:2;0/14:0;0,PE O-,GPL,MEM,32,2,0,0.00111205466624886,0.002934334,0.00531912276060335,0.003002117
PE O-16:1;0/16:2;0,PE O-,GPL,MEM,32,3,0,0.0764920627952926,0.015173503,0.0846354885541182,0.00574036
PE O-16:2;0/16:1;0,PE O-,GPL,MEM,32,3,0,0.0903908270155352,0.023801961,0.133149766376565,0.007797374
PE O-18:2;0/14:1;0,PE O-,GPL,MEM,32,3,0,0.0100589275561742,NA,NA,0.002305771
PE O-16:0;0/17:1;0,PE O-,GPL,MEM,33,1,0,2.7152645930249e-4,9.21617e-4,6.3728306916428e-4,4.57858e-4
PE O-16:1;0/17:0;0,PE O-,GPL,MEM,33,1,0,0.00249893633434662,0.006019744,0.0056294712962364,0.004399511
PE O-17:0;0/16:1;0,PE O-,GPL,MEM,33,1,0,0.0123161393766749,0.02484959,0.0261906863543818,0.016614072
PE O-17:1;0/16:0;0,PE O-,GPL,MEM,33,1,0,0.00451281569931744,0.010523731,0.00975316330672961,0.006386627
PE O-18:1;0/15:0;0,PE O-,GPL,MEM,33,1,0,0.00042887669730744997,0.002260706,0.00148505031538427,0.00329254
PE O-16:1;0/17:1;0,PE O-,GPL,MEM,33,2,0,0.0293376015997141,0.039142612,0.0596416718783682,0.025080317
PE O-16:2;0/17:0;0,PE O-,GPL,MEM,33,2,0,NA,NA,NA,NA
PE O-17:1;0/16:1;0,PE O-,GPL,MEM,33,2,0,0.0341687308156766,0.063243066,0.05838068327662,0.041097447
PE O-17:2;0/16:0;0,PE O-,GPL,MEM,33,2,0,0.00261522308315936,0.018933121,0.00339499968465333,0.004660164
PE O-18:1;0/15:1;0,PE O-,GPL,MEM,33,2,0,NA,NA,NA,5.58832e-4
PE O-18:2;0/15:0;0,PE O-,GPL,MEM,33,2,0,0.00200182379805478,0.004489088,0.00524932373885205,0.010279331
PE O-16:0;0/18:1;0,PE O-,GPL,MEM,34,1,0,0.0284930489601362,0.018097519,0.0268194970008635,0.00720789
PE O-17:0;0/17:1;0,PE O-,GPL,MEM,34,1,0,0.00218514746370949,0.006695451,0.00380198178763089,0.001951817
PE O-17:1;0/17:0;0,PE O-,GPL,MEM,34,1,0,0.0015613351828893,0.004198858,0.00234298518586638,0.001629762
PE O-18:0;0/16:1;0,PE O-,GPL,MEM,34,1,0,0.00721031551687126,0.012717157,0.0192925367746988,0.007912311
PE O-18:1;0/16:0;0,PE O-,GPL,MEM,34,1,0,0.00255115814467728,0.00867564,0.00845992378360947,0.00271235
PE O-16:0;0/18:2;0,PE O-,GPL,MEM,34,2,0,0.00215899185650004,0.002864764,NA,0.001377171
PE O-16:1;0/18:1;0,PE O-,GPL,MEM,34,2,0,1.65700817125831,1.013775294,1.90065659604106,0.392213776
PE O-16:2;0/18:0;0,PE O-,GPL,MEM,34,2,0,NA,0.007644437,0.00226429967233654,0.002249183
PE O-17:1;0/17:1;0,PE O-,GPL,MEM,34,2,0,0.00778076621010172,0.020880182,0.00739391130025651,0.008451059
PE O-18:1;0/16:1;0,PE O-,GPL,MEM,34,2,0,0.187738095234938,0.238346,0.385583889682421,0.155954192
PE O-18:2;0/16:0;0,PE O-,GPL,MEM,34,2,0,0.0117964915160393,0.024311166,0.0350816897307047,0.018856846
PE O-16:1;0/18:2;0,PE O-,GPL,MEM,34,3,0,0.063714373231416,0.044677536,0.0578895449008071,0.018849008
PE O-16:2;0/18:1;0,PE O-,GPL,MEM,34,3,0,0.0273916332139005,0.010725991,0.0159571369655761,0.004851886
PE O-18:1;0/16:2;0,PE O-,GPL,MEM,34,3,0,0.00199859492861824,NA,0.00179880480563022,0.001136815
PE O-18:2;0/16:1;0,PE O-,GPL,MEM,34,3,0,0.277883798549905,0.28677514,0.362915643730519,0.255687896
PE O-16:1;0/18:3;0,PE O-,GPL,MEM,34,4,0,0.00660813353130039,NA,NA,NA
PE O-18:2;0/16:2;0,PE O-,GPL,MEM,34,4,0,0.00693820143796083,NA,NA,NA
PE O-16:0;0/19:1;0,PE O-,GPL,MEM,35,1,0,NA,NA,NA,NA
PE O-17:0;0/18:1;0,PE O-,GPL,MEM,35,1,0,NA,0.016050695,0.0166609372807024,0.009140084
PE O-17:1;0/18:0;0,PE O-,GPL,MEM,35,1,0,NA,0.002710949,0.00216451018423109,0.001459888
PE O-18:0;0/17:1;0,PE O-,GPL,MEM,35,1,0,NA,3.41927e-4,2.1142341036331e-4,2.50478e-4
PE O-18:1;0/17:0;0,PE O-,GPL,MEM,35,1,0,NA,0.001062014,5.9043110206238e-4,7.14243e-4
PE O-16:1;0/19:1;0,PE O-,GPL,MEM,35,2,0,0.00170601214165343,0.00320573,0.00244467455875687,5.84403e-4
PE O-17:0;0/18:2;0,PE O-,GPL,MEM,35,2,0,0.00160040660082105,0.002999218,0.00239837313174168,0.001471337
PE O-17:1;0/18:1;0,PE O-,GPL,MEM,35,2,0,0.125208259244569,0.139296421,0.109856583673243,0.072282968
PE O-17:2;0/18:0;0,PE O-,GPL,MEM,35,2,0,3.2585319898733e-4,0.006060965,NA,0.001176555
PE O-18:1;0/17:1;0,PE O-,GPL,MEM,35,2,0,0.00325497909304992,0.012301553,0.00758664055951577,0.005590263
PE O-18:2;0/17:0;0,PE O-,GPL,MEM,35,2,0,0.00151620809474947,0.007401219,0.00440368746084489,0.006355373
PE O-16:1;0/19:2;0,PE O-,GPL,MEM,35,3,0,0.00156990482280408,0.003268956,NA,4.53036e-4
PE O-17:1;0/18:2;0,PE O-,GPL,MEM,35,3,0,0.00506487612143514,0.0078475,0.00403872594459393,0.004145197
PE O-17:2;0/18:1;0,PE O-,GPL,MEM,35,3,0,0.00838148443264865,0.008466141,0.00593714535431695,0.00295005
PE O-18:2;0/17:1;0,PE O-,GPL,MEM,35,3,0,0.0159471960177314,0.032988846,0.0198276051205161,0.024321156
PE O-16:0;0/20:1;0,PE O-,GPL,MEM,36,1,0,0.00445801282459188,0.002118421,0.00352451740621643,7.22348e-4
PE O-17:0;0/19:1;0,PE O-,GPL,MEM,36,1,0,3.6060289904538e-4,NA,NA,8.51221e-5
PE O-17:1;0/19:0;0,PE O-,GPL,MEM,36,1,0,1.7827470712371e-4,3.82326e-4,NA,1.28331e-4
PE O-18:0;0/18:1;0,PE O-,GPL,MEM,36,1,0,0.0284396422542822,0.019860456,0.0331146479948555,0.010428377
PE O-16:0;0/20:2;0,PE O-,GPL,MEM,36,2,0,0.00469628454256051,0.003377483,0.00166899337577322,8.07661e-4
PE O-16:1;0/20:1;0,PE O-,GPL,MEM,36,2,0,0.162348959096807,0.120201545,0.138908531900419,0.029093768
PE O-16:2;0/20:0;0,PE O-,GPL,MEM,36,2,0,NA,NA,NA,3.64165e-4
PE O-17:1;0/19:1;0,PE O-,GPL,MEM,36,2,0,0.00314422291110387,0.003534193,NA,0.001700177
PE O-18:0;0/18:2;0,PE O-,GPL,MEM,36,2,0,0.00247175282985444,0.002253125,NA,0.00481572
PE O-18:1;0/18:1;0,PE O-,GPL,MEM,36,2,0,0.478170074896279,0.333164276,0.429698638521376,0.120802812
PE O-16:0;0/20:3;0,PE O-,GPL,MEM,36,3,0,0.00135746464303602,NA,NA,NA
PE O-16:1;0/20:2;0,PE O-,GPL,MEM,36,3,0,0.0617061702768525,0.046420997,0.0382997283989612,0.010336617
PE O-16:2;0/20:1;0,PE O-,GPL,MEM,36,3,0,0.00218051077123719,NA,NA,5.3067e-4
PE O-18:1;0/18:2;0,PE O-,GPL,MEM,36,3,0,0.0246075879080926,0.021358328,0.0163104123558863,0.011799039
PE O-18:2;0/18:1;0,PE O-,GPL,MEM,36,3,0,1.0903704861399801,0.648825539,0.655706158243488,0.287661143
PE O-16:1;0/20:3;0,PE O-,GPL,MEM,36,4,0,0.0344191155389419,0.026852454,0.0135405773864774,0.003672219
PE O-16:2;0/20:2;0,PE O-,GPL,MEM,36,4,0,0.00151857672037975,NA,NA,NA
PE O-18:1;0/18:3;0,PE O-,GPL,MEM,36,4,0,0.00194650714117592,NA,NA,NA
PE O-18:2;0/18:2;0,PE O-,GPL,MEM,36,4,0,0.0382614495239111,0.032137057,0.0205318434837764,0.013677935
PE O-16:1;0/21:1;0,PE O-,GPL,MEM,37,2,0,NA,NA,NA,NA
PE O-17:0;0/20:2;0,PE O-,GPL,MEM,37,2,0,0.00164497495503136,0.003471283,0.00262623675676474,6.56521e-4
PE O-17:1;0/20:1;0,PE O-,GPL,MEM,37,2,0,0.00808546000450656,0.02866172,0.0182707686428341,0.009571395
PE O-18:1;0/19:1;0,PE O-,GPL,MEM,37,2,0,6.6513948709953e-4,0.003021869,NA,NA
PE O-16:1;0/21:2;0,PE O-,GPL,MEM,37,3,0,NA,NA,NA,NA
PE O-17:0;0/20:3;0,PE O-,GPL,MEM,37,3,0,0.00336864015866766,NA,NA,NA
PE O-17:1;0/20:2;0,PE O-,GPL,MEM,37,3,0,0.00627112773420169,0.012718065,NA,NA
PE O-17:2;0/20:1;0,PE O-,GPL,MEM,37,3,0,6.1227636476157e-4,NA,NA,NA
PE O-18:1;0/19:2;0,PE O-,GPL,MEM,37,3,0,6.8530085819506e-4,NA,NA,NA
PE O-18:2;0/19:1;0,PE O-,GPL,MEM,37,3,0,0.00222028610068682,0.005376966,NA,NA
PE O-16:0;0/22:1;0,PE O-,GPL,MEM,38,1,0,0.00729207780316018,NA,0.0076100761346819,NA
PE O-17:1;0/21:0;0,PE O-,GPL,MEM,38,1,0,NA,NA,NA,NA
PE O-18:0;0/20:1;0,PE O-,GPL,MEM,38,1,0,0.0294030753601603,NA,0.0273045712409446,NA
PE O-16:0;0/22:2;0,PE O-,GPL,MEM,38,2,0,0.00210765276586375,NA,0.00228754732634317,0.001272813
PE O-16:1;0/22:1;0,PE O-,GPL,MEM,38,2,0,0.0293288882806035,0.023762477,0.0230367680992014,0.012485041
PE O-17:1;0/21:1;0,PE O-,GPL,MEM,38,2,0,NA,NA,NA,NA
PE O-18:0;0/20:2;0,PE O-,GPL,MEM,38,2,0,0.00540341260975791,0.002117486,0.00123202062019655,0.001852919
PE O-18:1;0/20:1;0,PE O-,GPL,MEM,38,2,0,0.075400812144051,0.047182502,0.0279305658637081,0.014698814
PE O-18:2;0/20:0;0,PE O-,GPL,MEM,38,2,0,NA,NA,NA,NA
PE O-16:0;0/22:3;0,PE O-,GPL,MEM,38,3,0,NA,NA,NA,NA
PE O-16:1;0/22:2;0,PE O-,GPL,MEM,38,3,0,0.0315582006979538,0.033627163,0.0522552625248955,0.025447022
PE O-16:2;0/22:1;0,PE O-,GPL,MEM,38,3,0,8.4574486057583e-4,NA,NA,NA
PE O-18:0;0/20:3;0,PE O-,GPL,MEM,38,3,0,0.0030957998588393,NA,NA,NA
PE O-18:1;0/20:2;0,PE O-,GPL,MEM,38,3,0,0.0319467918215296,0.018756893,0.0116174045322873,0.01194852
PE O-18:2;0/20:1;0,PE O-,GPL,MEM,38,3,0,0.0736170723877558,0.057932539,0.0406914771701466,0.034721136
PE O-16:1;0/22:3;0,PE O-,GPL,MEM,38,4,0,0.00764431259608747,0.00848687,0.00658324586494273,0.003007183
PE O-18:1;0/20:3;0,PE O-,GPL,MEM,38,4,0,0.0171303986904889,0.011691099,0.00345251883154765,0.002580421
PE O-18:2;0/20:2;0,PE O-,GPL,MEM,38,4,0,0.0327088915823454,0.020912165,0.00736491370575697,0.005253371
PE O-18:2;0/20:3;0,PE O-,GPL,MEM,38,5,0,0.0198754498288249,NA,NA,NA
PE O-16:0;0/24:1;0,PE O-,GPL,MEM,40,1,0,0.00172730746292594,NA,NA,NA
PE O-16:1;0/24:0;0,PE O-,GPL,MEM,40,1,0,NA,NA,0.0194039619163622,NA
PE O-17:0;0/23:1;0,PE O-,GPL,MEM,40,1,0,NA,NA,NA,NA
PE O-18:0;0/22:1;0,PE O-,GPL,MEM,40,1,0,0.00797201171062956,NA,NA,NA
PE O-16:1;0/24:1;0,PE O-,GPL,MEM,40,2,0,0.00396478861694243,NA,NA,0.009405147
PE O-16:2;0/24:0;0,PE O-,GPL,MEM,40,2,0,0.00131784581236284,NA,NA,NA
PE O-18:0;0/22:2;0,PE O-,GPL,MEM,40,2,0,0.00249361803975649,NA,NA,NA
PE O-18:1;0/22:1;0,PE O-,GPL,MEM,40,2,0,0.0164115392086284,NA,NA,0.02369524
PE O-16:1;0/24:2;0,PE O-,GPL,MEM,40,3,0,0.00954992693995472,NA,0.0105812009264575,0.090299334
PE O-16:2;0/24:1;0,PE O-,GPL,MEM,40,3,0,0.00252416460306161,NA,NA,NA
PE O-18:1;0/22:2;0,PE O-,GPL,MEM,40,3,0,0.034544250628682,0.021975982,0.0245736063386051,0.062866372
PE O-18:2;0/22:1;0,PE O-,GPL,MEM,40,3,0,0.0285053397746811,0.014533476,0.0215716714164287,0.040927951
PE O-16:1;0/24:3;0,PE O-,GPL,MEM,40,4,0,0.0023422932127547,NA,NA,NA
PE O-18:1;0/22:3;0,PE O-,GPL,MEM,40,4,0,0.00439001510515538,NA,NA,NA
PE O-18:2;0/22:2;0,PE O-,GPL,MEM,40,4,0,0.00986648667137521,NA,NA,NA
PE O-18:1;0/24:2;0,PE O-,GPL,MEM,42,3,0,0.0117267729760142,NA,NA,0.122522121
PE O-18:2;0/24:1;0,PE O-,GPL,MEM,42,3,0,0.0279158601621396,NA,NA,NA
PG 14:0;0_18:1;0,PG,GPL,MEM,32,1,0,NA,NA,NA,NA
PG 14:1;0_18:0;0,PG,GPL,MEM,32,1,0,NA,NA,NA,NA
PG 16:0;0_16:1;0,PG,GPL,MEM,32,1,0,NA,NA,NA,NA
PG 14:1;0_18:1;0,PG,GPL,MEM,32,2,0,NA,NA,NA,NA
PG 16:1;0_16:1;0,PG,GPL,MEM,32,2,0,NA,NA,NA,NA
PG 15:0;0_18:1;0,PG,GPL,MEM,33,1,0,NA,NA,NA,NA
PG 16:0;0_17:1;0,PG,GPL,MEM,33,1,0,NA,NA,NA,NA
PG 16:1;0_17:0;0,PG,GPL,MEM,33,1,0,NA,NA,NA,NA
PG 16:0;0_18:0;0,PG,GPL,MEM,34,0,0,0.387284749040507,0.736549902,0.172166290518626,0.085691316
PG 14:0;0_20:1;0,PG,GPL,MEM,34,1,0,0.0575684278695634,NA,NA,NA
PG 16:0;0_18:1;0,PG,GPL,MEM,34,1,0,0.69746134954928,0.511842839,NA,NA
PG 16:1;0_18:0;0,PG,GPL,MEM,34,1,0,NA,0.440398788,NA,NA
PG 16:0;0_18:2;0,PG,GPL,MEM,34,2,0,NA,NA,NA,0.019397805
PG 16:1;0_18:1;0,PG,GPL,MEM,34,2,0,0.711934612120469,NA,NA,0.067277174
PG 17:1;0_17:1;0,PG,GPL,MEM,34,2,0,NA,NA,NA,0.001235325
PG 15:0;0_20:1;0,PG,GPL,MEM,35,1,0,NA,NA,NA,NA
PG 16:0;0_19:1;0,PG,GPL,MEM,35,1,0,NA,NA,NA,NA
PG 17:0;0_18:1;0,PG,GPL,MEM,35,1,0,NA,NA,NA,NA
PG 17:1;0_18:0;0,PG,GPL,MEM,35,1,0,NA,NA,NA,NA
PG 16:1;0_19:1;0,PG,GPL,MEM,35,2,0,NA,NA,NA,NA
PG 17:1;0_18:1;0,PG,GPL,MEM,35,2,0,NA,NA,NA,NA
PG 16:0;0_20:1;0,PG,GPL,MEM,36,1,0,0.319699206092122,NA,NA,NA
PG 18:0;0_18:1;0,PG,GPL,MEM,36,1,0,0.72938320012751,NA,NA,NA
PG 16:0;0_20:2;0,PG,GPL,MEM,36,2,0,NA,NA,NA,NA
PG 16:1;0_20:1;0,PG,GPL,MEM,36,2,0,NA,NA,NA,NA
PG 18:0;0_18:2;0,PG,GPL,MEM,36,2,0,NA,NA,NA,NA
PG 18:1;0_18:1;0,PG,GPL,MEM,36,2,0,NA,0.559495467,NA,NA
PG 16:0;0_20:3;0,PG,GPL,MEM,36,3,0,NA,NA,NA,NA
PG 16:1;0_20:2;0,PG,GPL,MEM,36,3,0,NA,NA,NA,NA
PG 18:1;0_18:2;0,PG,GPL,MEM,36,3,0,NA,NA,NA,NA
PG 16:1;0_22:2;0,PG,GPL,MEM,38,3,0,NA,NA,NA,NA
PG 18:0;0_20:3;0,PG,GPL,MEM,38,3,0,NA,NA,NA,NA
PG 18:1;0_20:2;0,PG,GPL,MEM,38,3,0,NA,NA,NA,NA
PG 16:1;0_22:3;0,PG,GPL,MEM,38,4,0,NA,NA,NA,NA
PG 18:1;0_20:3;0,PG,GPL,MEM,38,4,0,NA,NA,NA,NA
PG 18:2;0_20:2;0,PG,GPL,MEM,38,4,0,NA,NA,NA,NA
PG 17:0;0_24:0;0,PG,GPL,MEM,41,0,0,NA,NA,NA,NA
PI 13:0;0_18:0;0,PI,GPL,MEM,31,0,0,NA,NA,NA,NA
PI 14:0;0_17:0;0,PI,GPL,MEM,31,0,0,NA,NA,NA,NA
PI 15:0;0_16:0;0,PI,GPL,MEM,31,0,0,NA,NA,NA,NA
PI 14:0;0_18:0;0,PI,GPL,MEM,32,0,0,NA,NA,NA,NA
PI 15:0;0_17:0;0,PI,GPL,MEM,32,0,0,NA,NA,NA,0.067925204
PI 14:0;0_18:1;0,PI,GPL,MEM,32,1,0,NA,NA,NA,NA
PI 14:1;0_18:0;0,PI,GPL,MEM,32,1,0,NA,NA,NA,NA
PI 15:0;0_17:1;0,PI,GPL,MEM,32,1,0,NA,NA,NA,NA
PI 16:0;0_16:1;0,PI,GPL,MEM,32,1,0,NA,NA,0.234505367448419,NA
PI 15:0;0_18:0;0,PI,GPL,MEM,33,0,0,NA,NA,NA,NA
PI 16:0;0_17:0;0,PI,GPL,MEM,33,0,0,NA,NA,0.0742734510058601,NA
PI 15:0;0_18:1;0,PI,GPL,MEM,33,1,0,NA,NA,NA,NA
PI 16:0;0_17:1;0,PI,GPL,MEM,33,1,0,NA,NA,NA,NA
PI 16:1;0_17:0;0,PI,GPL,MEM,33,1,0,NA,NA,NA,NA
PI 14:0;0_20:1;0,PI,GPL,MEM,34,1,0,NA,NA,NA,NA
PI 16:0;0_18:1;0,PI,GPL,MEM,34,1,0,1.3182368814947,NA,2.0790878688509,0.4376039
PI 16:1;0_18:0;0,PI,GPL,MEM,34,1,0,0.264327802611495,NA,0.243035112230685,0.111926193
PI 17:0;0_17:1;0,PI,GPL,MEM,34,1,0,NA,NA,NA,0.009749065
PI 16:0;0_18:2;0,PI,GPL,MEM,34,2,0,0.0765026754101922,NA,0.0817801597006078,NA
PI 16:1;0_18:1;0,PI,GPL,MEM,34,2,0,0.429605172140738,NA,0.190478120959159,NA
PI 17:1;0_17:1;0,PI,GPL,MEM,34,2,0,NA,NA,NA,NA
PI 16:0;0_19:1;0,PI,GPL,MEM,35,1,0,0.147095818503798,NA,NA,NA
PI 17:0;0_18:1;0,PI,GPL,MEM,35,1,0,0.127884151242761,NA,0.249904374472881,NA
PI 17:1;0_18:0;0,PI,GPL,MEM,35,1,0,NA,NA,NA,NA
PI 16:0;0_19:2;0,PI,GPL,MEM,35,2,0,NA,NA,NA,NA
PI 17:0;0_18:2;0,PI,GPL,MEM,35,2,0,NA,NA,NA,NA
PI 17:1;0_18:1;0,PI,GPL,MEM,35,2,0,0.136832460924645,NA,0.0717030918329572,NA
PI 16:0;0_20:1;0,PI,GPL,MEM,36,1,0,0.262412779694379,NA,0.0846767306369333,0.042983452
PI 18:0;0_18:1;0,PI,GPL,MEM,36,1,0,4.00422876463815,NA,1.89007020633016,0.378101258
PI 16:0;0_20:2;0,PI,GPL,MEM,36,2,0,0.403093155283765,NA,0.100078240793589,0.086769596
PI 16:1;0_20:1;0,PI,GPL,MEM,36,2,0,0.0611289814788558,NA,0.0222364139295712,0.020513453
PI 18:0;0_18:2;0,PI,GPL,MEM,36,2,0,0.442666189753297,NA,0.17038522852487,0.10876624
PI 18:1;0_18:1;0,PI,GPL,MEM,36,2,0,5.28566220580551,NA,1.33909686319497,1.304503483
PI 16:0;0_20:3;0,PI,GPL,MEM,36,3,0,0.121516752786766,NA,0.0378120288499957,0.04758195
PI 16:1;0_20:2;0,PI,GPL,MEM,36,3,0,0.0212298195420687,NA,NA,NA
PI 18:0;0_18:3;0,PI,GPL,MEM,36,3,0,NA,NA,NA,NA
PI 18:1;0_18:2;0,PI,GPL,MEM,36,3,0,0.387461284987954,NA,0.0858909821847168,0.110890886
PI 17:0;0_20:1;0,PI,GPL,MEM,37,1,0,NA,NA,NA,NA
PI 18:0;0_19:1;0,PI,GPL,MEM,37,1,0,NA,NA,NA,NA
PI 18:1;0_19:0;0,PI,GPL,MEM,37,1,0,NA,NA,NA,NA
PI 17:0;0_20:2;0,PI,GPL,MEM,37,2,0,0.0456595342706164,NA,NA,NA
PI 17:1;0_20:1;0,PI,GPL,MEM,37,2,0,NA,NA,NA,NA
PI 18:0;0_19:2;0,PI,GPL,MEM,37,2,0,0.11432257196077,NA,NA,NA
PI 18:1;0_19:1;0,PI,GPL,MEM,37,2,0,0.125157977186626,NA,NA,NA
PI 17:0;0_20:3;0,PI,GPL,MEM,37,3,0,NA,NA,NA,NA
PI 17:1;0_20:2;0,PI,GPL,MEM,37,3,0,NA,NA,NA,NA
PI 18:0;0_19:3;0,PI,GPL,MEM,37,3,0,NA,NA,NA,NA
PI 18:1;0_19:2;0,PI,GPL,MEM,37,3,0,0.122418409499035,NA,NA,NA
PI 16:0;0_22:1;0,PI,GPL,MEM,38,1,0,NA,NA,NA,NA
PI 18:0;0_20:1;0,PI,GPL,MEM,38,1,0,0.24047492772197,NA,NA,NA
PI 18:1;0_20:0;0,PI,GPL,MEM,38,1,0,NA,NA,NA,NA
PI 16:0;0_22:2;0,PI,GPL,MEM,38,2,0,0.0472679740868228,NA,NA,NA
PI 18:0;0_20:2;0,PI,GPL,MEM,38,2,0,1.5919263316969,NA,0.152273386426959,0.118704194
PI 18:1;0_20:1;0,PI,GPL,MEM,38,2,0,1.00358555076225,NA,0.096315508640246,0.085059384
PI 18:0;0_20:3;0,PI,GPL,MEM,38,3,0,1.05792793549657,NA,NA,NA
PI 18:1;0_20:2;0,PI,GPL,MEM,38,3,0,1.52578323064552,NA,NA,NA
PI 18:2;0_20:1;0,PI,GPL,MEM,38,3,0,0.0306050472308553,NA,NA,NA
PI 18:1;0_20:3;0,PI,GPL,MEM,38,4,0,0.719591379355352,NA,NA,NA
PI 18:2;0_20:2;0,PI,GPL,MEM,38,4,0,NA,NA,NA,NA
PI 18:0;0_22:3;0,PI,GPL,MEM,40,3,0,NA,NA,NA,NA
PI 18:1;0_22:2;0,PI,GPL,MEM,40,3,0,NA,NA,NA,NA
PI 20:1;0_20:2;0,PI,GPL,MEM,40,3,0,NA,NA,NA,NA
PI 18:1;0_22:3;0,PI,GPL,MEM,40,4,0,NA,NA,NA,NA
PI 20:1;0_20:3;0,PI,GPL,MEM,40,4,0,NA,NA,NA,NA
PI 20:2;0_20:2;0,PI,GPL,MEM,40,4,0,NA,NA,NA,NA
PS 14:0;0_17:0;0,PS,GPL,MEM,31,0,0,NA,NA,NA,NA
PS 14:0;0_18:1;0,PS,GPL,MEM,32,1,0,NA,NA,NA,NA
PS 16:0;0_16:1;0,PS,GPL,MEM,32,1,0,NA,NA,0.262338695566149,NA
PS 15:0;0_18:0;0,PS,GPL,MEM,33,0,0,NA,NA,NA,NA
PS 16:0;0_17:0;0,PS,GPL,MEM,33,0,0,NA,NA,NA,NA
PS 15:0;0_18:1;0,PS,GPL,MEM,33,1,0,0.164746653542375,NA,NA,NA
PS 16:0;0_17:1;0,PS,GPL,MEM,33,1,0,NA,NA,0.0781524178905826,NA
PS 16:1;0_17:0;0,PS,GPL,MEM,33,1,0,NA,NA,0.176382101518757,NA
PS 16:1;0_17:1;0,PS,GPL,MEM,33,2,0,NA,NA,NA,NA
PS 16:0;0_18:0;0,PS,GPL,MEM,34,0,0,0.140218950601206,NA,0.368554413864864,0.065561502
PS 16:0;0_18:1;0,PS,GPL,MEM,34,1,0,1.06120045677056,NA,1.34226530408675,0.174691094
PS 16:1;0_18:0;0,PS,GPL,MEM,34,1,0,1.51510208126896,NA,1.19878033135511,0.166304485
PS 17:0;0_17:1;0,PS,GPL,MEM,34,1,0,0.0344879403710607,NA,NA,0.021239303
PS 16:0;0_18:2;0,PS,GPL,MEM,34,2,0,NA,NA,NA,NA
PS 16:1;0_18:1;0,PS,GPL,MEM,34,2,0,0.414698369333569,NA,NA,NA
PS 17:1;0_17:1;0,PS,GPL,MEM,34,2,0,NA,NA,NA,NA
PS 17:0;0_18:0;0,PS,GPL,MEM,35,0,0,NA,NA,NA,NA
PS 16:1;0_19:0;0,PS,GPL,MEM,35,1,0,NA,NA,NA,NA
PS 17:0;0_18:1;0,PS,GPL,MEM,35,1,0,0.312748582647025,NA,0.486640747886762,NA
PS 17:1;0_18:0;0,PS,GPL,MEM,35,1,0,0.0369898696612628,NA,0.10976159576632,NA
PS 17:0;0_18:2;0,PS,GPL,MEM,35,2,0,NA,NA,NA,NA
PS 17:1;0_18:1;0,PS,GPL,MEM,35,2,0,NA,NA,NA,NA
PS 16:0;0_20:1;0,PS,GPL,MEM,36,1,0,NA,NA,NA,NA
PS 16:1;0_20:0;0,PS,GPL,MEM,36,1,0,NA,NA,NA,NA
PS 18:0;0_18:1;0,PS,GPL,MEM,36,1,0,3.27252025108215,NA,2.74296200967624,0.322923511
PS 16:0;0_20:2;0,PS,GPL,MEM,36,2,0,NA,NA,NA,NA
PS 16:1;0_20:1;0,PS,GPL,MEM,36,2,0,0.135539767712174,NA,0.116993967132446,0.062868607
PS 18:0;0_18:2;0,PS,GPL,MEM,36,2,0,0.196090883785557,NA,NA,0.034953894
PS 18:1;0_18:1;0,PS,GPL,MEM,36,2,0,2.41309552345552,NA,0.790117014539056,0.297623731
PS 16:1;0_20:2;0,PS,GPL,MEM,36,3,0,NA,NA,NA,NA
PS 18:1;0_18:2;0,PS,GPL,MEM,36,3,0,0.300208201168225,NA,NA,NA
PS 18:1;0_19:0;0,PS,GPL,MEM,37,1,0,NA,NA,NA,NA
PS 18:0;0_20:0;0,PS,GPL,MEM,38,0,0,NA,NA,NA,NA
PS 16:1;0_22:0;0,PS,GPL,MEM,38,1,0,NA,NA,NA,NA
PS 18:0;0_20:1;0,PS,GPL,MEM,38,1,0,NA,NA,NA,NA
PS 18:1;0_20:0;0,PS,GPL,MEM,38,1,0,NA,NA,NA,NA
PS 16:1;0_22:1;0,PS,GPL,MEM,38,2,0,0.0329482135069968,NA,NA,NA
PS 18:0;0_20:2;0,PS,GPL,MEM,38,2,0,0.0936322882770377,NA,NA,NA
PS 18:1;0_20:1;0,PS,GPL,MEM,38,2,0,0.214959559004808,NA,NA,NA
PS 16:1;0_22:2;0,PS,GPL,MEM,38,3,0,NA,NA,NA,NA
PS 18:0;0_20:3;0,PS,GPL,MEM,38,3,0,NA,NA,NA,NA
PS 18:1;0_20:2;0,PS,GPL,MEM,38,3,0,3.78930805462323,NA,NA,NA
PS 16:0;0_24:0;0,PS,GPL,MEM,40,0,0,NA,NA,NA,NA
PS 16:1;0_24:0;0,PS,GPL,MEM,40,1,0,NA,NA,NA,NA
PS 18:0;0_22:1;0,PS,GPL,MEM,40,1,0,NA,NA,NA,NA
PS 18:1;0_22:0;0,PS,GPL,MEM,40,1,0,NA,NA,NA,NA
PS 16:1;0_24:1;0,PS,GPL,MEM,40,2,0,NA,NA,NA,NA
PS 18:1;0_22:1;0,PS,GPL,MEM,40,2,0,NA,NA,NA,NA
PS 20:1;0_20:1;0,PS,GPL,MEM,40,2,0,NA,NA,NA,NA
SM 30:1;3,SM,SL,MEM,30,1,3,NA,NA,0.0679078666398005,NA
SM 30:1;4,SM,SL,MEM,30,1,4,NA,NA,0.0116289658741083,NA
SM 30:2;3,SM,SL,MEM,30,2,3,0.0137934105758451,NA,0.127310376156711,NA
SM 30:2;4,SM,SL,MEM,30,2,4,NA,NA,0.0207499452657328,NA
SM 32:1;2,SM,SL,MEM,32,1,2,NA,0.244318534,0.0758870296164846,0.12491087
SM 32:1;3,SM,SL,MEM,32,1,3,NA,NA,0.0430748523681594,NA
SM 32:2;2,SM,SL,MEM,32,2,2,NA,0.047620634,NA,0.019276177
SM 32:2;3,SM,SL,MEM,32,2,3,NA,NA,0.15767843553245,NA
SM 32:2;4,SM,SL,MEM,32,2,4,NA,NA,0.0182443337789141,NA
SM 34:1;2,SM,SL,MEM,34,1,2,0.0507823851972971,4.801981433,4.41589860982355,5.892906249
SM 34:1;3,SM,SL,MEM,34,1,3,NA,0.056686571,0.0217846492271857,0.024918239
SM 34:2;2,SM,SL,MEM,34,2,2,0.013376440563506,0.477987059,0.459417397325674,0.714438869
SM 34:2;3,SM,SL,MEM,34,2,3,NA,NA,0.187979005696368,NA
SM 36:1;2,SM,SL,MEM,36,1,2,0.00998414777912364,0.252353431,0.547683750645221,0.39292338
SM 36:2;2,SM,SL,MEM,36,2,2,NA,0.123714126,0.252427245652161,0.190786877
SM 36:2;3,SM,SL,MEM,36,2,3,NA,NA,0.133890312076315,NA
SM 38:1;2,SM,SL,MEM,38,1,2,NA,0.042779567,0.0383460989228546,0.066448874
SM 38:2;2,SM,SL,MEM,38,2,2,NA,NA,0.0206111480755363,0.044913268
SM 38:2;3,SM,SL,MEM,38,2,3,NA,NA,0.0486622635937387,NA
SM 40:1;2,SM,SL,MEM,40,1,2,0.0208906127728162,0.103676259,0.0802878161259118,0.461170956
SM 40:2;2,SM,SL,MEM,40,2,2,0.0199636032587629,0.056690521,0.0579051060392796,0.379512109
SM 42:1;2,SM,SL,MEM,42,1,2,0.0882860982794701,0.162483756,0.106249462904625,0.886575606
SM 42:2;2,SM,SL,MEM,42,2,2,0.374596877787169,0.489408324,0.360210925957185,2.702580779
SM 42:2;3,SM,SL,MEM,42,2,3,0.0083938524976534,NA,NA,0.048856035
SM 44:2;2,SM,SL,MEM,44,2,2,NA,NA,NA,0.032058611
Sulf 32:2;2,Sulf,SL,MEM,32,2,2,0.0110732520662951,NA,NA,NA
Sulf 34:0;3,Sulf,SL,MEM,34,0,3,0.0416957519075089,0.176986029,0.036272691948277,0.057153343
Sulf 34:1;2,Sulf,SL,MEM,34,1,2,0.188153713364229,0.511028155,0.13994093089431,0.151346601
Sulf 34:2;2,Sulf,SL,MEM,34,2,2,0.32561186039281,0.52148735,NA,0.119749873
Sulf 34:2;3,Sulf,SL,MEM,34,2,3,NA,NA,NA,NA
Sulf 36:0;2,Sulf,SL,MEM,36,0,2,NA,1.029054126,0.0165233275883384,NA
Sulf 36:1;2,Sulf,SL,MEM,36,1,2,NA,0.302734355,NA,NA
Sulf 36:2;2,Sulf,SL,MEM,36,2,2,0.103903360246941,NA,0.0243825011353526,NA
Sulf 38:0;2,Sulf,SL,MEM,38,0,2,NA,0.326854813,NA,NA
Sulf 38:2;2,Sulf,SL,MEM,38,2,2,NA,NA,NA,0.02877605
Sulf 40:2;2,Sulf,SL,MEM,40,2,2,NA,NA,NA,0.036062685
Sulf 42:2;2,Sulf,SL,MEM,42,2,2,0.0549519761045209,0.392124956,0.0413770284596112,0.379859209
Sulf 42:2;3,Sulf,SL,MEM,42,2,3,0.0128376865330995,NA,NA,0.050116268
Sulf 44:1;3,Sulf,SL,MEM,44,1,3,0.0659592183188164,0.451924011,0.0516336394437136,0.116723719
TAG 47:2;0,TAG,GL,STO,47,2,0,NA,NA,NA,NA
TAG 54:1;0,TAG,GL,STO,54,1,0,NA,NA,NA,NA
TAG 54:2;0,TAG,GL,STO,54,2,0,0.028559638856537,NA,NA,NA
TAG 56:2;0,TAG,GL,STO,56,2,0,0.0223319065681626,NA,NA,NA
TAG 58:3;0,TAG,GL,STO,58,3,0,NA,NA,NA,NA
CL 60:1;0,CL,GPL,MEM,60,1,0,0.199441614490629,NA,NA,NA
CL 68:3;0,CL,GPL,MEM,68,3,0,NA,NA,0.196951816796645,NA
CL 72:3;0,CL,GPL,MEM,72,3,0,NA,NA,0.139906554545512,NA
CL 72:4;0,CL,GPL,MEM,72,4,0,NA,NA,NA,NA
CL 76:5;0,CL,GPL,MEM,76,5,0,NA,NA,NA,NA
CL 78:3;0,CL,GPL,MEM,78,3,0,NA,NA,NA,0.325956512
CL 80:5;0,CL,GPL,MEM,80,5,0,NA,NA,NA,NA
Chol,Chol,ST,MEM,27,1,0,NA,NA,NA,4.379230173
